Historical Prices - ALGOMIZER - 00744011,,,,,,,,,,,,,,,,
From 31/05/2012 To 31/05/2017, Frequency: Daily,,,,,,,,,,,,,,,
,,,,,,,,,,,,,,,,
Date,Adjusted Closing Price,Closing Price (0.01 NIS),Change(%),Opening  Price,Base Price,High,Low,Capital Listed for Trading,Market Cap (NIS thousands),Turnover (NIS),Volume,Trans.,* Ex Type,Ex Coefficient,Index Adjusted No. of Shares (IANS),Index Adjusted Free Float Rate
29/05/2017,539,539,0.54,536.1,536.1,556.9,530,19255435,103787,225584,41587,59,,,19255435,
28/05/2017,536.1,536.1,0.58,533,533,539.7,528.7,19255435,103228,6455,1204,6,,,19255435,
25/05/2017,533,533,0.76,529,529,545,529,19255435,102631,284804,53056,47,,,19255435,
24/05/2017,529,529,-0.04,529.2,529.2,534,526,19255435,101861,26243,4961,11,,,19255435,
23/05/2017,529.2,529.2,-0.49,531.8,531.8,530.2,524.7,19255435,101900,84242,15945,20,,,19255435,
22/05/2017,531.8,531.8,-1.55,540,540.2,545,518.9,19255435,102400,361311,67362,56,,,19255435,
21/05/2017,540.2,540.2,-0.81,544.6,544.6,545,537.8,19255435,104018,197070,36342,40,,,19255435,
18/05/2017,544.6,544.6,-0.44,547,547,547,526.9,19255435,104865,440576,81589,109,,,19255435,
17/05/2017,547,547,-0.65,550.6,550.6,555,540.1,19255435,105327,308220,56391,76,,,19255435,
16/05/2017,550.6,550.6,1.4,543,543,555,540,19255435,106020,383121,70292,59,,,19255435,
15/05/2017,543,543,0.11,542.4,542.4,545,530,19255435,104557,254175,47132,69,,,19255435,
14/05/2017,542.4,542.4,2.05,541.3,531.5,550,529,19255435,104441,274893,50734,59,,,19255435,
11/5/2017,531.5,531.5,1.51,523.6,523.6,534,523,19255435,102343,134867,25444,28,,,19255435,
10/5/2017,523.6,523.6,0.91,518.9,518.9,524,522,19255435,100821,18607,3554,5,,,19255435,
9/5/2017,518.9,518.9,0.25,517.6,517.6,525,513.6,19255435,99916,72237,13852,20,,,19255435,
8/5/2017,517.6,517.6,0.62,514.4,514.4,523.8,514.5,19255435,99666,96965,18731,18,,,19255435,
7/5/2017,514.4,514.4,0.41,524.8,512.3,524.8,507.3,19255435,99050,41170,7979,16,,,19255435,
4/5/2017,512.3,512.3,-0.25,513.6,513.6,519,509,19255435,98646,80412,15695,29,,,18588770,
3/5/2017,513.6,513.6,0.31,512,512,521.3,508,19255435,98896,271414,52534,74,,,18588770,
30/04/2017,512,512,-0.37,515.9,513.9,515.9,508.8,19255435,98588,71999,14058,25,,,18588770,
27/04/2017,513.9,513.9,0.21,512.8,512.8,516.9,510.9,19255435,98954,323764,62846,57,,,18588770,
26/04/2017,512.8,512.8,0.73,509.1,509.1,517.4,509.1,19255435,98742,273666,53435,51,,,18588770,
25/04/2017,509.1,509.1,0.34,507.4,507.4,510,506.9,19255435,98029,101624,19953,20,,,18588770,
24/04/2017,507.4,507.4,-0.51,510,510,519.3,506,19255435,97702,163396,31999,52,,,18588770,
23/04/2017,510,510,-5.56,548,540,548,501,19255435,98203,231764,44550,54,,,18588770,
20/04/2017,540,540,-0.81,544.4,544.4,546.5,533,19255435,103979,134779,24932,28,,,18588770,
19/04/2017,544.4,544.4,-0.02,544.5,544.5,548,540,19255435,104827,66055,12116,13,,,18588770,
18/04/2017,544.5,544.5,0.95,539.4,539.4,549,538.9,19255435,104846,57915,10644,24,,,18588770,
13/04/2017,539.4,539.4,0.04,539.2,539.2,542,532.9,19255435,103864,15955,2958,10,,,18588770,
12/4/2017,539.2,539.2,0.54,536.3,536.3,544.9,520.4,19255435,103825,225512,42236,54,,,18588770,
9/4/2017,536.3,536.3,0.28,544,534.8,550,528.1,19255435,103267,360478,66508,60,,,18588770,
6/4/2017,534.8,534.8,3.4,525,517.2,555,525,19255435,102978,712313,131788,144,,,18440622,
5/4/2017,517.2,517.2,1.61,509,509,520,493.8,19255435,99589,130320,25549,41,,,18440622,
4/4/2017,509,509,-0.31,510.6,510.6,516.9,505.2,19255435,98010,173842,34137,47,,,18440622,
3/4/2017,510.6,510.6,-1.71,519.5,519.5,515.5,500,19255435,98318,251819,49488,55,,,18440622,
2/4/2017,519.5,519.5,7.47,483.4,483.4,520.2,478,19255435,100032,393029,77491,87,,,18440622,
30/03/2017,483.4,483.4,2.24,472.8,472.8,489,474.9,19255435,93081,65929,13722,20,,,18440622,
29/03/2017,472.8,472.8,-0.02,481.6,472.9,500,468.2,19255435,91040,144452,29905,52,,,18440622,
28/03/2017,472.9,472.9,-1.46,479.9,479.9,486.8,463.3,19255435,91059,51845,10940,23,,,18440622,
27/03/2017,479.9,479.9,-4.17,481.2,500.8,490.8,471.9,18588770,89208,286961,59521,81,,,18440622,
26/03/2017,500.8,500.8,0.16,505,500,512.4,497,18588770,93093,347494,68918,50,,,18440622,
23/03/2017,500,500,3.8,485,481.7,515,481,18588770,92944,247207,49757,71,,,18440622,
22/03/2017,481.7,481.7,1.71,473.6,473.6,482.1,473.6,18588770,89542,122193,25552,37,,,18440622,
21/03/2017,473.6,473.6,3.18,459,459,475.3,461.4,18588770,88036,159178,34063,34,,,18440622,
20/03/2017,459,459,1.5,452.2,452.2,460.5,448.1,18588770,85322,106213,23320,40,,,18440622,
19/03/2017,452.2,452.2,0.18,451.4,451.4,461.5,440.2,18588770,84058,205212,45233,59,,,18440622,
16/03/2017,451.4,451.4,3.37,436.7,436.7,459.6,432.1,18588770,83910,383820,85493,72,,,18440622,
15/03/2017,436.7,436.7,3.36,422.5,422.5,445,420,18588770,81177,121583,28169,38,,,18440622,
14/03/2017,422.5,422.5,0.05,422.3,422.3,430,410.1,18588770,78538,64443,15294,30,,,18440622,
13/03/2017,422.3,422.3,-2,430.9,430.9,435.8,417,18588770,78500,65183,15302,23,,,18440622,
9/3/2017,430.9,430.9,-0.16,431.6,431.6,435.9,424.5,18440622,79461,58397,13574,26,,,18440622,
8/3/2017,431.6,431.6,-1.03,436.1,436.1,444.1,427.4,18440622,79590,73339,16772,28,,,18440622,
7/3/2017,436.1,436.1,0.3,434.8,434.8,442,428,18440622,80420,100183,23043,12,,,18440622,
6/3/2017,434.8,434.8,-0.89,438.7,438.7,437.9,430.2,18440622,80180,17506,4026,8,,,18440622,
5/3/2017,438.7,438.7,-0.16,439.4,439.4,445,429.7,18440622,80899,25050,5710,9,,,18440622,
2/3/2017,439.4,439.4,1.24,434,434,444,430.4,18440622,81028,74291,16996,27,,,18440622,
1/3/2017,434,434,-0.91,438,438,440,428.2,18440622,80032,111420,25536,39,,,18440622,
28/02/2017,438,438,1.96,429.6,429.6,441.5,427,18440622,80770,294290,67295,76,,,18440622,
27/02/2017,429.6,429.6,0.77,426.3,426.3,440,424.9,18440622,79221,76030,17635,34,,,18440622,
26/02/2017,426.3,426.3,0.8,422.9,422.9,433.4,417.2,18440622,78612,91364,21585,33,,,18440622,
23/02/2017,422.9,422.9,-1.28,428.4,428.4,430,419.2,18440622,77985,47707,11263,18,,,18440622,
22/02/2017,428.4,428.4,-1.52,435,435,430.8,425.9,18440622,79000,66910,15641,27,,,18440622,
21/02/2017,435,435,0.39,433.3,433.3,438.4,427,18440622,80217,131270,30237,36,,,18440622,
20/02/2017,433.3,433.3,3.49,418.7,418.7,449,422,18440622,79903,213356,48499,55,,,18440622,
19/02/2017,418.7,418.7,-0.4,420.4,420.4,430,413.2,18440622,77211,135771,32322,31,,,18440622,
16/02/2017,420.4,420.4,-1.78,428,428,440,414.3,18440622,77524,264886,62117,76,,,18440622,
15/02/2017,428,428,-1.74,435.6,435.6,430.4,427,18440622,78926,44969,10507,13,,,18440622,
14/02/2017,435.6,435.6,-0.68,438.6,438.6,441,429.8,18440622,80327,83144,19116,26,,,18440622,
13/02/2017,438.6,438.6,-0.5,440.8,440.8,448.8,436,18440622,80881,140624,31981,33,,,18440622,
12/2/2017,440.8,440.8,-1.83,440,449,450,438,18440622,81286,127683,28944,34,,,18440622,
9/2/2017,449,449,0.36,448.5,447.4,449,439.9,18440622,82798,2080894,463691,43,,,,
8/2/2017,447.4,447.4,1.89,439.1,439.1,449,437,18440622,82503,291996,65673,46,,,,
7/2/2017,439.1,439.1,-0.27,438,440.3,442,433.7,18440622,80973,54079,12341,31,,,,
6/2/2017,440.3,440.3,-0.14,440.9,440.9,445,437.4,18440622,81194,102266,23206,32,,,,
5/2/2017,440.9,440.9,-0.59,443.5,443.5,444.9,439,18440622,81305,272843,61630,51,,,,
2/2/2017,443.5,443.5,0.38,441.8,441.8,445,437.4,18440622,81784,293433,66181,48,,,,
1/2/2017,441.8,441.8,2.08,432.8,432.8,450,433,18440622,81471,149134,33786,28,,,,
31/01/2017,432.8,432.8,-0.37,434.4,434.4,434.9,432,18440622,79811,11902,2750,2,,,,
30/01/2017,434.4,434.4,-0.87,438.2,438.2,435,431.6,18440622,80106,28259,6506,6,,,,
29/01/2017,438.2,438.2,2.17,435,428.9,438.8,430,18440622,80807,233757,53728,46,,,,
26/01/2017,428.9,428.9,0.4,427.2,427.2,430,428,18440622,79092,96650,22536,14,,,,
25/01/2017,427.2,427.2,0.07,426.9,426.9,428.5,420.5,18440622,78778,60949,14270,12,,,,
24/01/2017,426.9,426.9,1.23,421.7,421.7,427,422,18440622,78723,51840,12161,7,,,,
23/01/2017,421.7,421.7,-0.87,425.4,425.4,422,417,18440622,77764,61019,14468,9,,,,
22/01/2017,425.4,425.4,0,425.4,425.4,426.8,420.1,18440622,78446,34183,8036,11,,,,
19/01/2017,425.4,425.4,-0.72,428.5,428.5,427,390,18440622,78446,97088,23181,27,,,,
18/01/2017,428.5,428.5,1.23,423.3,423.3,429,426.6,18440622,79018,68528,16021,13,,,,
17/01/2017,423.3,423.3,-0.31,424.6,424.6,427,419.9,18440622,78059,68490,16220,8,,,,
16/01/2017,424.6,424.6,-0.09,427,425,427,419.1,18440622,78299,79104,18726,13,,,,
15/01/2017,425,425,1.19,420,420,426.9,424.4,18440622,78373,229546,54009,7,,,,
12/1/2017,420,420,1.67,413.1,413.1,425,414.9,18440622,77451,102328,24305,13,,,,
11/1/2017,413.1,413.1,-1.64,420,420,423.9,411.5,17673428,73009,160513,38861,20,,,,
10/1/2017,420,420,-1.52,426.5,426.5,426.5,418,17673428,74228,86870,20670,14,,,,
9/1/2017,426.5,426.5,0.31,425.2,425.2,427,425.2,17673428,75377,51334,12040,15,,,,
8/1/2017,425.2,425.2,0.05,425,425,425.3,425,17673428,75147,9022,2122,4,,,,
5/1/2017,425,425,0.57,422.6,422.6,425.1,422.7,17673428,75112,326508,76843,16,,,,
4/1/2017,422.6,422.6,0.64,419.9,419.9,423.1,419.9,17673428,74688,132974,31479,12,,,,
3/1/2017,419.9,419.9,-0.14,421,420.5,421,407.9,17673428,74211,95274,22702,15,,,,
2/1/2017,420.5,420.5,1.87,412.8,412.8,425,407,17673428,74317,119622,28582,16,,,,
1/1/2017,412.8,412.8,2.03,404.6,404.6,416.7,404.6,17673428,72956,18206,4410,9,,,,
29/12/2016,404.6,404.6,7.66,375.8,375.8,420,382.7,17673428,71507,576633,141856,55,,,,
28/12/2016,375.8,375.8,-5.91,399.4,399.4,399.9,359.9,17673428,66417,248406,65744,70,,,,
27/12/2016,399.4,399.4,-0.27,400.5,400.5,404.4,392.5,17673428,70588,65709,16449,22,,,,
26/12/2016,400.5,400.5,-2.77,411.9,411.9,414,400,17673428,70782,212583,52214,23,,,,
25/12/2016,411.9,411.9,0.29,410.7,410.7,414.2,410.7,17673428,72797,10119,2457,5,,,,
22/12/2016,410.7,410.7,-2.47,421.1,421.1,420,410,17673428,72585,113135,27404,16,,,,
21/12/2016,421.1,421.1,-1.52,427.6,427.6,426,410.5,17673428,74423,74499,17722,19,,,,
20/12/2016,427.6,427.6,0.83,427,424.1,429,407.1,17673428,75572,170356,39989,33,,,,
19/12/2016,424.1,424.1,2.02,415.7,415.7,424.7,406.1,17673428,74953,91333,21738,19,,,,
18/12/2016,415.7,415.7,1.07,431,411.3,435,411.2,17673428,73468,688432,162402,69,,,,
15/12/2016,411.3,411.3,0,411.3,411.3,0,0,17673428,72691,0,0,0,,,,
14/12/2016,411.3,411.3,-0.1,414,411.7,414.1,405,17673428,72691,31761,7722,6,,,,
13/12/2016,411.7,411.7,1.78,404.5,404.5,415,403.4,17673428,72762,121063,29531,16,,,,
12/12/2016,404.5,404.5,-1.49,410.6,410.6,418,398.3,17673428,71489,60181,14806,14,,,,
11/12/2016,410.6,410.6,-1.18,415.5,415.5,416.5,408.5,17673428,72567,36067,8786,8,,,,
8/12/2016,415.5,415.5,0,415.5,415.5,0,0,17673428,73433,0,0,0,,,,
7/12/2016,415.5,415.5,0.51,413.4,413.4,421,411.9,17673428,73433,36752,8849,7,,,,
6/12/2016,413.4,413.4,-0.39,415,415,415,410,17673428,73062,26227,6345,5,,,,
5/12/2016,415,415,-0.46,416.9,416.9,415,415,17673428,73345,15998,3855,2,,,,
4/12/2016,416.9,416.9,1.14,412.2,412.2,425,413.9,17673428,73681,132460,31601,25,,,,
1/12/2016,412.2,412.2,0.46,410.3,410.3,417.4,410,17673428,72850,14372,3487,4,,,,
30/11/2016,410.3,410.3,-1.51,416.6,416.6,425,409.8,17673428,72514,106918,25655,22,,,,
29/11/2016,416.6,416.6,-0.93,420.5,420.5,421,415,17673428,73628,76594,18312,13,,,,
28/11/2016,420.5,420.5,0.12,420,420,424.9,420,17673428,74317,34574,8223,6,,,,
27/11/2016,420,420,-0.71,423,423,425,420,17673428,74228,107750,25529,12,,,,
24/11/2016,423,423,1.41,417.1,417.1,424.5,420,17673428,74759,86510,20432,16,,,,
23/11/2016,417.1,417.1,-1.42,420,423.1,423.1,415,17673428,73716,202642,48362,26,,,,
22/11/2016,423.1,423.1,-0.91,427,427,423.8,405,17673428,74776,105228,25186,19,,,,
21/11/2016,427,427,0,427,427,427,426.9,17673428,75466,373836,87550,40,,,,
20/11/2016,427,427,0.38,425,425.4,428,417.9,17673428,75466,251174,59002,16,,,,
17/11/2016,425.4,425.4,1.72,418.2,418.2,427.9,419,17673428,75183,354848,83624,35,,,,
16/11/2016,418.2,418.2,1.46,412.2,412.2,420,412.5,17673428,73910,335900,80402,41,,,,
15/11/2016,412.2,412.2,2.08,403.8,403.8,415,405,17673428,72850,301866,73442,31,,,,
14/11/2016,403.8,403.8,-0.47,405.7,405.7,408.4,393.7,17595650,71051,1682334,417097,61,,,,
13/11/2016,405.7,405.7,0.55,403.5,403.5,407,394.1,17595650,71386,78387,19416,15,,,,
10/11/2016,403.5,403.5,1.46,397.7,397.7,408,384.2,17595650,70998,206424,51656,23,,,,
9/11/2016,397.7,397.7,0,397.7,397.7,0,0,17595650,69978,0,0,0,,,,
8/11/2016,397.7,397.7,0,397.7,397.7,0,0,17595650,69978,0,0,0,,,,
7/11/2016,397.7,397.7,0.99,395,393.8,400,395,17595650,69978,64106,16124,15,,,,
6/11/2016,393.8,393.8,3.58,380.2,380.2,399,384.9,17595650,69292,133536,34198,21,,,,
3/11/2016,380.2,380.2,0.29,379.1,379.1,384.9,370,17595650,66899,104526,27493,16,,,,
2/11/2016,379.1,379.1,1.04,375.2,375.2,379.5,379,17595650,66705,2274,600,2,,,,
1/11/2016,375.2,375.2,0.97,371.6,371.6,379.5,370,17595650,66019,95835,25710,26,,,,
31/10/2016,371.6,371.6,0.51,369.7,369.7,374,370,17595650,65385,12186,3279,8,,,,
30/10/2016,369.7,369.7,-0.11,370.1,370.1,375,367.7,17595650,65051,16280,4404,9,,,,
27/10/2016,370.1,370.1,-0.64,372.5,372.5,370.3,370,17595650,65122,25909,7000,6,,,,
26/10/2016,372.5,372.5,0.32,371.3,371.3,377,372,17595650,65544,22821,6127,5,,,,
25/10/2016,371.3,371.3,-1.62,377.4,377.4,377,364.2,17111985,63537,27312,7355,10,,,,
20/10/2016,377.4,377.4,1.97,370.1,370.1,379.5,370.1,17111985,64581,30210,8005,7,,,,
19/10/2016,370.1,370.1,-1.41,375.4,375.4,378,369.9,17111985,63331,25908,7000,4,,,,
18/10/2016,375.4,375.4,-0.13,375.9,375.9,376,375,17111985,64238,27853,7420,5,,,,
13/10/2016,375.9,375.9,0.83,372.8,372.8,375.9,375.9,17111985,64324,5296,1409,1,,,,
10/10/2016,372.8,372.8,0.62,370.5,370.5,375,370,17111985,63793,8038,2156,4,,,,
9/10/2016,370.5,370.5,0.71,367.9,367.9,379.9,368,17111985,63400,64219,17312,10,,,,
6/10/2016,367.9,367.9,2.85,357.7,357.7,370,364.3,17111985,62955,17449,4743,8,,,,
5/10/2016,357.7,357.7,-3.01,368.8,368.8,361.4,350.4,17111985,61210,20744,5800,10,,,,
29/09/2016,368.8,368.8,0.05,368.6,368.6,370,368.5,17111985,63109,53026,14383,9,,,,
28/09/2016,368.6,368.6,1.04,364.8,364.8,370,360,17111985,63075,25799,7000,5,,,,
27/09/2016,364.8,364.8,-1.11,368.9,368.9,367,361.5,17111985,62425,97246,26672,11,,,,
26/09/2016,368.9,368.9,6.71,345.7,345.7,379.9,345.7,17111985,63126,12543,3400,7,,,,
25/09/2016,345.7,345.7,0.26,344.8,344.8,348.9,344,17111985,59156,105072,30420,11,,,,
22/09/2016,344.8,344.8,-2.3,352.9,352.9,359.3,344,17111985,59002,206349,59230,40,,,,
21/09/2016,352.9,352.9,0.11,352.5,352.5,359,352,17111985,60388,69511,19683,11,,,,
20/09/2016,352.5,352.5,-0.11,352.9,352.9,366.9,351.1,17111985,60320,33612,9510,11,,,,
19/09/2016,352.9,352.9,0.26,352,352,353.2,351,17111985,60388,26421,7486,7,,,,
18/09/2016,352,352,-0.17,352.6,352.6,365,351.9,17111985,60234,182395,50961,26,,,,
15/09/2016,352.6,352.6,-1.97,359.7,359.7,374.1,350,17111985,60337,326411,91821,41,,,,
14/09/2016,359.7,359.7,-0.44,361.3,361.3,361,356,17111985,61552,224981,62661,23,,,,
13/09/2016,361.3,361.3,0.28,360.3,360.3,371.1,360.2,17111985,61826,121876,33394,36,,,,
12/9/2016,360.3,360.3,0.5,358.5,358.5,380.1,349.9,17111985,61654,277899,76210,68,,,,
11/9/2016,358.5,358.5,-2.85,369,369,372,351,17111985,61346,156897,43657,24,,,,
8/9/2016,369,369,2.41,360.3,360.3,389,358.6,17111985,63143,688099,185432,75,,,,
7/9/2016,360.3,360.3,-0.17,360.9,360.9,382.6,359.9,17111985,61654,219936,60896,34,,,,
6/9/2016,360.9,360.9,-5.03,380,380,387,360,17111985,61757,295458,80013,59,,,,
5/9/2016,380,380,-2.64,390.3,390.3,388.4,380,17111985,65026,57293,15000,12,,,,
4/9/2016,390.3,390.3,-0.56,400.4,392.5,400.4,389.9,17111985,66788,49334,12561,15,,,,
1/9/2016,392.5,392.5,-2.12,401,401,404,388.8,17111985,67165,100506,25500,26,,,,
31/08/2016,401,401,-0.96,400,404.9,407,399.8,17111985,68619,160086,40000,12,,,,
30/08/2016,404.9,404.9,0.6,402.5,402.5,405,404.6,17111985,69286,27136,6702,10,,,,
29/08/2016,402.5,402.5,0.12,402,402,404.5,402,17111985,68876,10063,2500,2,,,,
28/08/2016,402,402,1.88,394.6,394.6,415,395.3,17111985,68790,278468,68833,50,,,,
25/08/2016,394.6,394.6,5.68,373.4,373.4,405.9,380.3,17111985,67524,107879,27305,39,,,,
24/08/2016,373.4,373.4,-3.76,388,388,381,371,17111985,63896,98009,26026,16,,,,
23/08/2016,388,388,1.84,381,381,388,387.9,17111985,66395,7759,2000,6,,,,
22/08/2016,381,381,0.16,380.4,380.4,397.1,371,16556433,63080,117815,30762,30,,,,
21/08/2016,380.4,380.4,-4.71,399.2,399.2,388.2,369.9,16556433,62981,69525,18310,23,,,,
18/08/2016,399.2,399.2,0.4,400,397.6,404.9,391,16556433,66093,26898,6738,10,,,,
17/08/2016,397.6,397.6,1.69,391,391,400,390,16556433,65828,32726,8231,12,,,,
16/08/2016,391,391,-1.41,396.6,396.6,420,389,16556433,64736,502083,123938,105,,,,
15/08/2016,396.6,396.6,4.07,388.1,381.1,401.9,388.1,16556433,65663,38245,9675,11,,,,
11/8/2016,381.1,381.1,-3.4,394.5,394.5,392.8,370.1,16556433,63097,42967,11255,20,,,,
10/8/2016,394.5,394.5,1.15,390,390,395,393.9,16556433,65315,3945,1000,2,,,,
9/8/2016,390,390,0,390,390,390,390,16556433,64570,26130,6700,1,,,,
8/8/2016,390,390,-2.33,399.3,399.3,394,389.9,16556433,64570,42448,10875,11,,,,
7/8/2016,399.3,399.3,-1.31,404.6,404.6,400,399,16556433,66110,8093,2027,3,,,,
4/8/2016,404.6,404.6,0.65,402,402,409.4,401,16556433,66987,16383,4049,6,,,,
3/8/2016,402,402,0,402,402,0,0,16556433,66557,0,0,0,,,,
2/8/2016,402,402,-0.72,404.9,404.9,412.3,399,16556433,66557,13313,3312,8,,,,
1/8/2016,404.9,404.9,0.75,401.9,401.9,404.9,404.9,16556433,67037,2025,500,1,,,,
31/07/2016,401.9,401.9,0,401.9,401.9,401.9,401.9,16556433,66540,804,200,2,,,,
28/07/2016,401.9,401.9,0.02,401.8,401.8,402,396.1,16556433,66540,29467,7332,4,,,,
27/07/2016,401.8,401.8,0,401.8,401.8,0,0,16556433,66524,0,0,0,,,,
26/07/2016,401.8,401.8,-0.32,403.1,403.1,407.1,395.1,16556433,66524,11985,2983,9,,,,
25/07/2016,403.1,403.1,-2.87,415,415,404.2,402.5,16556433,66739,24023,5960,7,,,,
24/07/2016,415,415,0,415,415,415,405,16556433,68709,59494,14389,7,,,,
21/07/2016,415,415,0,415,415,0,0,16556433,68709,0,0,0,,,,
20/07/2016,415,415,0,415,415,0,0,16556433,68709,0,0,0,,,,
19/07/2016,415,415,1.22,410,410,415,410,16556433,68709,77674,18722,5,,,,
18/07/2016,410,410,-0.24,411,411,418,405,16556433,67881,82216,19822,13,,,,
17/07/2016,411,411,0,411,411,0,0,16556433,68047,0,0,0,,,,
14/07/2016,411,411,0.24,410,410,411,405,16556433,68047,130248,31851,18,,,,
13/07/2016,410,410,1.56,403.7,403.7,410,405,16554767,67875,168625,41280,9,,,,
12/7/2016,403.7,403.7,1.97,395.9,395.9,405,392,16554767,66832,116910,29178,21,,,,
11/7/2016,395.9,395.9,-2.39,405.6,405.6,404,392,16554767,65540,53239,13449,16,,,,
10/7/2016,405.6,405.6,1.76,398.6,398.6,409,400.6,16554767,67146,25439,6272,6,,,,
7/7/2016,398.6,398.6,1.94,391,391,399,382.3,16554767,65987,75779,19150,21,,,,
6/7/2016,391,391,-3.53,405.3,405.3,398,390,16554767,64729,131554,33450,26,,,,
5/7/2016,405.3,405.3,-2.41,415.3,415.3,408,400,16554767,67096,27154,6700,8,,,,
4/7/2016,415.3,415.3,-0.02,415.4,415.4,415.4,415.3,16554767,68752,16613,4000,6,,,,
3/7/2016,415.4,415.4,-0.05,420,415.6,420.1,405,16554767,68769,45576,10931,18,,,,
30/06/2016,415.6,415.6,5.51,397,393.9,421,394,16554767,68802,403759,98781,88,,,,
29/06/2016,393.9,393.9,0.51,391.9,391.9,399,390,16554767,65209,53302,13500,16,,,,
28/06/2016,391.9,391.9,-0.28,393,393,394.9,385.1,16554767,64878,79473,20263,13,,,,
27/06/2016,393,393,0.03,392.9,392.9,393,392.9,16554767,65060,7183,1828,3,,,,
26/06/2016,392.9,392.9,-4.4,411,411,405,384.7,16554767,65044,133632,33816,25,,,,
23/06/2016,411,411,0,411,411,0,0,15432767,63429,0,0,0,,,,
22/06/2016,411,411,-0.87,414.6,414.6,411,411,15432767,63429,12330,3000,1,,,,
21/06/2016,414.6,414.6,0,414.6,414.6,424.1,414.5,15432767,63984,60157,14442,17,,,,
20/06/2016,414.6,414.6,2.37,405,405,415,408,15432767,63984,153705,37302,37,,,,
19/06/2016,405,405,0,405,405,0,0,15432767,62503,0,0,0,,,,
16/06/2016,405,405,-1.96,413.1,413.1,413.1,404,15432767,62503,58923,14441,16,,,,
15/06/2016,413.1,413.1,-0.19,413.9,413.9,421.5,412,15432767,63753,69198,16673,20,,,,
14/06/2016,413.9,413.9,-2.17,423.1,423.1,420,410.5,15432767,63876,6303,1523,4,,,,
13/06/2016,423.1,423.1,-1.26,428.5,428.5,425,420.5,15432767,65296,5479,1295,2,,,,
9/6/2016,428.5,428.5,1.3,423,423,429,428.1,15432767,66129,27103,6325,5,,,,
8/6/2016,423,423,-0.28,424.2,424.2,423,423,15432767,65281,6345,1500,1,,,,
7/6/2016,424.2,424.2,1.68,417.2,417.2,427.9,417.2,15432767,65466,74769,17680,21,,,,
6/6/2016,417.2,417.2,2.76,413.5,406,422.5,413.2,15432767,64386,72253,17379,22,,,,
5/6/2016,406,406,1.02,401.9,401.9,412,402,15432767,62657,44373,10948,15,,,,
2/6/2016,401.9,401.9,-2.31,411.4,411.4,412,400,15432767,62024,104536,25934,26,,,,
1/6/2016,411.4,411.4,2.19,414,402.6,422,400,14851187,61098,297836,73010,69,,,,
31/05/2016,402.6,402.6,0.25,401.6,401.6,405.9,400,14851187,59791,31000,7700,7,,,,
30/05/2016,401.6,401.6,-3.69,417,417,413,401.5,14851187,59642,45622,11288,8,,,,
29/05/2016,417,417,-0.22,417.9,417.9,417.8,414,14851187,61929,17802,4269,5,,,,
26/05/2016,417.9,417.9,0.87,414.3,414.3,421.9,414.3,14851187,62063,23464,5615,8,,,,
25/05/2016,414.3,414.3,-0.31,415.6,415.6,415.6,414.3,14851187,61528,10329,2493,4,,,,
24/05/2016,415.6,415.6,0.14,415,415,416,415,14851187,61722,20780,5000,6,,,,
23/05/2016,415,415,-1.28,420.4,420.4,419,414.5,14851187,61632,99636,23928,12,,,,
22/05/2016,420.4,420.4,-1.2,433.9,425.5,433.9,418.5,14851187,62434,76206,17969,15,,,,
19/05/2016,425.5,425.5,-0.21,426.4,426.4,435,423.1,14851187,63192,160830,37551,32,,,,
18/05/2016,426.4,426.4,-0.23,427.4,427.4,428,423.1,14851187,63325,139251,32708,29,,,,
17/05/2016,427.4,427.4,-1.7,434.8,434.8,434.8,426,14851187,63474,59347,13865,11,,,,
16/05/2016,434.8,434.8,-0.55,437.2,437.2,435.3,434.6,14851187,64573,89117,20490,16,,,,
15/05/2016,437.2,437.2,0.23,436.2,436.2,444,427.4,14851187,64929,145829,33318,39,,,,
10/5/2016,436.2,436.2,4.28,418.3,418.3,440,425,14851187,64781,270469,62512,65,,,,
9/5/2016,418.3,418.3,1.33,412.8,412.8,420.1,412,14851187,62123,130852,31483,26,,,,
8/5/2016,412.8,412.8,1.93,405,405,414,405,14851187,61306,50493,12262,17,,,,
5/5/2016,405,405,0.5,403,403,410,400,14851187,60147,20002,4939,5,,,,
4/5/2016,403,403,-0.62,405.5,405.5,409.1,400,14851187,59850,74880,18600,13,,,,
3/5/2016,405.5,405.5,1.17,400.8,400.8,405.5,405.5,14851187,60222,5705,1407,1,,,,
2/5/2016,400.8,400.8,0.12,400.3,400.3,406.1,388.3,14851187,59524,145357,36655,36,,,,
1/5/2016,400.3,400.3,0,400.3,400.3,400.3,400.3,14851187,59449,50038,12500,1,,,,
27/04/2016,400.3,400.3,-1.11,404.8,404.8,400.5,398.5,14851187,59449,4804,1200,2,,,,
26/04/2016,404.8,404.8,0.02,404.7,404.7,405,404,14851187,60118,28389,7013,4,,,,
25/04/2016,404.7,404.7,0.4,403.1,403.1,405,403.1,14851187,60103,12443,3075,9,,,,
24/04/2016,403.1,403.1,0,405.1,403.1,405.1,405.1,14851187,59865,4,1,1,,,,
21/04/2016,403.1,403.1,-0.86,406.6,406.6,411.9,403,14851187,59865,65954,16299,14,,,,
20/04/2016,406.6,406.6,-0.07,402,406.9,409,402,14851187,60385,98340,24205,25,,,,
19/04/2016,406.9,406.9,0,406.9,406.9,406.9,406.9,14851187,60429,17676,4344,2,,,,
18/04/2016,406.9,406.9,1.37,401.4,401.4,419.7,404.9,14851187,60429,84973,20935,9,,,,
17/04/2016,401.4,401.4,-2.95,413.6,413.6,412.1,397.5,14851187,59613,185424,46166,19,,,,
14/04/2016,413.6,413.6,-0.79,416.9,416.9,418,412,14851187,61425,32695,7905,9,,,,
13/04/2016,416.9,416.9,-1.21,422,422,424.9,415.1,14851187,61915,29160,6995,9,,,,
12/4/2016,422,422,0.5,419.9,419.9,425,419.9,14851187,62672,89811,21317,7,,,,
11/4/2016,419.9,419.9,-0.85,423.5,423.5,420,416,14851187,62360,302444,72056,18,,,,
10/4/2016,423.5,423.5,-3.09,437,437,424.1,420,14851187,62895,47705,11273,10,,,,
7/4/2016,437,437,0.48,434.9,434.9,437,432,14851187,64900,269530,62270,11,,,,
6/4/2016,434.9,434.9,0.32,433.5,433.5,435,430,14851187,64588,164425,38001,8,,,,
5/4/2016,433.5,433.5,3.14,420.3,420.3,437,427.9,14851187,64380,271475,62835,18,,,,
4/4/2016,420.3,420.3,-1.34,426,426,430.3,417.4,14851187,62420,45017,10710,11,,,,
3/4/2016,426,426,-0.23,427,427,426,425,14851187,63266,74833,17568,4,,,,
31/03/2016,427,427,0,427,427,0,0,14851187,63415,0,0,0,,,,
30/03/2016,427,427,0.8,423.6,423.6,428,420,14851187,63415,176430,41572,10,,,,
29/03/2016,423.6,423.6,-0.28,424.8,424.8,432,418,14851187,62910,272175,63933,36,,,,
28/03/2016,424.8,424.8,1.07,420.3,420.3,440.1,414.2,14851187,63088,151484,35864,27,,,,
27/03/2016,420.3,420.3,-2.53,431.2,431.2,427,415.1,14851187,62420,104078,24672,25,,,,
23/03/2016,431.2,431.2,0,431.2,431.2,0,0,14851187,64038,0,0,0,,,,
22/03/2016,431.2,431.2,-2.66,443,443,433.9,430,14851187,64038,67723,15716,15,,,,
21/03/2016,443,443,-0.02,443.1,443.1,447,435,14851187,65791,30241,6827,10,,,,
20/03/2016,443.1,443.1,3.77,430,427,444,430,14851187,65806,531193,121058,58,,,,
17/03/2016,427,427,-0.14,427.6,427.6,427,426.9,14386067,61429,5158,1208,2,,,,
16/03/2016,427.6,427.6,1.79,420.1,420.1,435,420.1,14386067,61515,209298,48748,42,,,,
15/03/2016,420.1,420.1,0.36,418.6,418.6,425.9,418.6,14386067,60436,112910,26821,28,,,,
14/03/2016,418.6,418.6,-2.29,428.4,428.4,421.5,415.1,14386067,60220,26721,6384,11,,,,
13/03/2016,428.4,428.4,-0.44,430.3,430.3,430,422,14386067,61630,48551,11331,8,,,,
10/3/2016,430.3,430.3,3.16,417.1,417.1,432,418.2,14386067,61903,225579,52577,36,,,,
9/3/2016,417.1,417.1,-1.18,422.1,422.1,420,414.1,14386067,60004,18511,4438,8,,,,
8/3/2016,422.1,422.1,0.29,420.9,420.9,431.9,419,14386067,60724,46040,10910,11,,,,
7/3/2016,420.9,420.9,-0.89,424.7,424.7,425,414.2,14386067,60551,61546,14590,17,,,,
6/3/2016,424.7,424.7,0.81,421.3,421.3,427.2,423,14386067,61098,58587,13813,16,,,,
3/3/2016,421.3,421.3,-4.01,438.9,438.9,429.9,420,14386067,60609,49527,11740,20,,,,
2/3/2016,438.9,438.9,2.55,428,428,440,424,14386067,63140,159664,36474,31,,,,
1/3/2016,428,428,3.83,412.2,412.2,433,402.1,14386067,61572,189341,44647,42,,,,
29/02/2016,412.2,412.2,-0.19,415,413,424,401.3,14386067,59299,132487,32437,42,,,,
28/02/2016,413,413,1.72,406,406,415,406,14386067,59414,149945,36363,38,,,,
25/02/2016,406,406,0.5,404,404,410,397,14386067,58407,55079,13614,16,,,,
24/02/2016,404,404,-0.02,404.1,404.1,404,403.9,14386067,58120,10568,2616,4,,,,
23/02/2016,404.1,404.1,0.6,409.1,401.7,409.8,400,14386067,58134,262498,65049,64,,,,
22/02/2016,401.7,401.7,4.64,399,383.9,407,395.1,14386067,57789,505139,125866,115,,,,
21/02/2016,383.9,383.9,7.47,375,357.2,415,375,14386067,55228,255228,65835,66,,,,
18/02/2016,357.2,357.2,-3.07,368.5,368.5,377.5,354,14386067,51387,63657,17582,26,,,,
17/02/2016,368.5,368.5,2.05,361.1,361.1,375,359.1,14386067,53013,77578,21285,18,,,,
16/02/2016,361.1,361.1,2.21,361,353.3,367.4,360,14386067,51948,155051,42903,30,,,,
15/02/2016,353.3,353.3,2.32,345.3,345.3,368.9,339.1,14386067,50826,37807,10701,16,,,,
14/02/2016,345.3,345.3,0.06,345.1,345.1,351,342,14386067,49675,17686,5122,9,,,,
11/2/2016,345.1,345.1,-4.4,355,361,355.1,340,14386067,49646,65378,18775,16,,,,
10/2/2016,361,361,0,361,361,0,0,14386067,51934,0,0,0,,,,
9/2/2016,361,361,0.89,361,357.8,364,361,14386067,51934,89450,24769,11,,,,
8/2/2016,357.8,357.8,-0.72,360.4,360.4,361.5,351,14386067,51473,100440,27923,25,,,,
7/2/2016,360.4,360.4,-3.38,373,373,363.6,360,14386067,51847,73587,20368,18,,,,
4/2/2016,373,373,-1.32,378,378,378.1,370,14386067,53660,78978,21015,19,,,,
3/2/2016,378,378,5.35,380.3,358.8,386,373,14386067,54379,300715,79054,54,,,,
2/2/2016,358.8,358.8,-0.22,359.6,359.6,360,356,14386067,51617,60340,16800,9,,,,
1/2/2016,359.6,359.6,0,359.6,359.6,0,0,14386067,51732,0,0,0,,,,
31/01/2016,359.6,359.6,-0.58,361.7,361.7,361,356.1,14386067,51732,91154,25406,8,,,,
28/01/2016,361.7,361.7,0.44,366.7,360.1,366.7,359,14386067,52034,7517,2078,6,,,,
27/01/2016,360.1,360.1,-1.34,365,365,364,360,14386067,51804,17756,4931,2,,,,
26/01/2016,365,365,-0.71,365,367.6,368.9,364,14386067,52509,188918,51772,18,,,,
25/01/2016,367.6,367.6,1.6,370,361.8,376,364,14386067,52883,223458,60835,40,,,,
24/01/2016,361.8,361.8,4,351.4,347.9,379.9,351.4,14386067,52049,151507,41908,31,,,,
21/01/2016,347.9,347.9,-2.71,357.6,357.6,358,347,14386067,50049,148248,41943,23,,,,
20/01/2016,357.6,357.6,-6.02,380.5,380.5,371,355,14386067,51445,149300,41297,24,,,,
19/01/2016,380.5,380.5,1.47,375,375,393.5,375,14386067,54739,53372,14028,7,,,,
18/01/2016,375,375,-0.9,378.4,378.4,375,375,14386067,53948,8929,2381,3,,,,
17/01/2016,378.4,378.4,-1.66,384.8,384.8,390,368.9,14386067,54437,62486,16567,24,,,,
14/01/2016,384.8,384.8,-2.98,396.6,396.6,390,380,14386067,55358,12230,3178,8,,,,
13/01/2016,396.6,396.6,0,396.6,396.6,0,0,14386067,57055,0,0,0,,,,
12/1/2016,396.6,396.6,7.07,370.4,370.4,399,372.3,14386067,57055,343147,88468,71,,,,
11/1/2016,370.4,370.4,5.83,349.7,350,379,349.7,14386067,53286,115870,31280,41,,,,
10/1/2016,350,350,-0.17,350.6,350.6,350.1,350,14386067,50351,21827,6236,4,,,,
7/1/2016,350.6,350.6,-1.6,356.3,356.3,352,350,14386067,50438,81165,23143,7,,,,
6/1/2016,356.3,356.3,0.91,353.1,353.1,370.7,350,14386067,51258,56543,15875,15,,,,
5/1/2016,353.1,353.1,0,353.1,353.1,353.1,353.1,14386067,50797,14124,4000,1,,,,
4/1/2016,353.1,353.1,-1.75,359.4,359.4,359.4,350.4,14386067,50797,24788,7021,6,,,,
3/1/2016,359.4,359.4,0,359.4,359.4,0,0,14386067,51704,0,0,0,,,,
31/12/2015,359.4,359.4,-2.84,369.9,369.9,360,359.1,14386067,51704,39686,11042,5,,,,
30/12/2015,369.9,369.9,0,369.9,369.9,369.9,369.9,14386067,53214,13853,3745,1,,,,
29/12/2015,369.9,369.9,0.27,368.9,368.9,372,369.9,14386067,53214,218053,58915,22,,,,
28/12/2015,368.9,368.9,-4.18,385,385,373.5,365,14386067,53070,45031,12185,13,,,,
27/12/2015,385,385,1.48,379.4,379.4,385,385,14386067,55386,11550,3000,1,,,,
24/12/2015,379.4,379.4,1.42,374.1,374.1,383,362.9,14386067,54581,67261,17886,30,,,,
23/12/2015,374.1,374.1,-0.03,374.2,374.2,374.1,374.1,14386067,53818,2245,600,1,,,,
22/12/2015,374.2,374.2,-1.6,380.3,380.3,381,370,14386067,53833,45246,12050,9,,,,
21/12/2015,380.3,380.3,1.58,374.4,374.4,385,374,14386067,54710,55655,14699,14,,,,
20/12/2015,374.4,374.4,4,375,360,385.1,370,14386067,53861,155884,41563,26,,,,
17/12/2015,360,360,6.29,338.7,338.7,361.8,338.7,14386067,51790,314787,87946,55,,,,
16/12/2015,338.7,338.7,-2.78,348.4,348.4,352.4,338,14386067,48726,80833,23870,10,,,,
15/12/2015,348.4,348.4,-1.14,352.4,352.4,350,344,14386067,50121,30131,8649,6,,,,
14/12/2015,352.4,352.4,-0.03,352.5,352.5,358.9,348,14386067,50697,5082,1442,3,,,,
13/12/2015,352.5,352.5,1.32,347.9,347.9,360,340,14386067,50711,78708,22234,17,,,,
10/12/2015,347.9,347.9,0.23,347.1,347.1,350,344,14386067,50049,43795,12599,8,,,,
9/12/2015,347.1,347.1,2.15,339.8,339.8,349.9,339.9,14386067,49934,30740,8857,13,,,,
8/12/2015,339.8,339.8,0.92,336.7,336.7,349.8,336.7,14386067,48884,26553,7815,12,,,,
7/12/2015,336.7,336.7,-0.24,337.5,337.5,337.9,335,14386067,48438,8658,2571,3,,,,
6/12/2015,337.5,337.5,-2.4,345.8,345.8,341.3,337.2,14386067,48553,52120,15414,11,,,,
3/12/2015,345.8,345.8,-1.87,352.4,352.4,370,345.1,14386067,49747,117208,33351,24,,,,
2/12/2015,352.4,352.4,2.77,342.9,342.9,365,334.4,14386067,50697,26205,7436,11,,,,
1/12/2015,342.9,342.9,-0.52,344.7,344.7,357,338,14386067,49330,48865,14250,14,,,,
30/11/2015,344.7,344.7,1.83,338.5,338.5,344.7,344.7,14386067,49589,1923,558,1,,,,
29/11/2015,338.5,338.5,-1.6,336,344,347.9,336,14386067,48697,25675,7586,5,,,,
26/11/2015,344,344,-0.89,347.1,347.1,350,333.2,14386067,49488,9467,2752,8,,,,
25/11/2015,347.1,347.1,1.91,340.6,340.6,349,346.9,14386067,49934,2086,601,2,,,,
24/11/2015,340.6,340.6,-2.6,349.7,349.7,350,340,14386067,48999,66689,19569,11,,,,
23/11/2015,349.7,349.7,-2.62,359.1,359.1,350.1,348.4,14386067,50308,40979,11716,8,,,,
22/11/2015,359.1,359.1,0,359.1,359.1,359.1,359.1,14386067,51660,2000,557,1,,,,
19/11/2015,359.1,359.1,-0.22,359.9,359.9,359.9,359,14386067,51660,47789,13309,8,,,,
18/11/2015,359.9,359.9,0.76,357.2,357.2,359.9,359.9,14386067,51775,1943,540,1,,,,
17/11/2015,357.2,357.2,3.42,345.4,345.4,360,351,14386067,51387,43570,12212,15,,,,
16/11/2015,345.4,345.4,1.29,341,341,350,341.1,14386067,49689,12960,3752,5,,,,
15/11/2015,341,341,-2.46,341,349.6,341.1,341,14386067,49056,17528,5140,3,,,,
12/11/2015,349.6,349.6,0.69,347.2,347.2,350,347.2,14386067,50294,29848,8538,5,,,,
11/11/2015,347.2,347.2,0,347.2,347.2,0,0,14386067,49948,0,0,0,,,,
10/11/2015,347.2,347.2,0.46,345.6,345.6,350,345,14386067,49948,30133,8678,5,,,,
9/11/2015,345.6,345.6,-0.58,347.6,347.6,349.9,345,14386067,49718,28919,8368,3,,,,
8/11/2015,347.6,347.6,0.78,344.9,344.9,352,344.5,14386067,50006,106844,30639,19,,,,
5/11/2015,344.9,344.9,-1.2,349.1,349.1,360,340,14386067,49618,143589,41971,24,,,,
4/11/2015,349.1,349.1,-1.36,353.9,353.9,360,340,14386067,50222,34544,9894,6,,,,
3/11/2015,353.9,353.9,-1.72,360.1,360.1,355,352,14386067,50912,127580,36103,18,,,,
2/11/2015,360.1,360.1,-2.12,355.1,367.9,365,355.1,14386067,51804,117814,32729,25,,,,
1/11/2015,367.9,367.9,-0.16,368.5,368.5,368.5,365.9,14386067,52926,90230,24524,11,,,,
29/10/2015,368.5,368.5,0,368.5,368.5,0,0,14386067,53013,0,0,0,,,,
28/10/2015,368.5,368.5,-2.25,377,377,370,367,14386067,53013,122465,33213,14,,,,
27/10/2015,377,377,-0.61,379.3,379.3,379,360,14386067,54235,154005,41552,35,,,,
26/10/2015,379.3,379.3,-0.05,379.5,379.5,379.5,373,14386067,54566,98853,26054,10,,,,
25/10/2015,379.5,379.5,0.26,378.5,378.5,382,376,14386067,54595,317706,83757,51,,,,
22/10/2015,378.5,378.5,-0.26,379.5,379.5,380,376,14386067,54451,29586,7816,12,,,,
21/10/2015,379.5,379.5,4.49,369.9,363.2,388,369.9,14386067,54595,370473,97871,53,,,,
20/10/2015,363.2,363.2,-1.65,369.3,369.3,372.9,360.1,14386067,52250,28179,7759,7,,,,
19/10/2015,369.3,369.3,-2.97,380.6,380.6,381,366,14386067,53128,164963,44571,27,,,,
18/10/2015,380.6,380.6,0,380.6,380.6,0,0,14386067,54753,0,0,0,,,,
15/10/2015,380.6,380.6,-0.13,381.1,381.1,383,380,14386067,54753,24356,6400,2,,,,
14/10/2015,381.1,381.1,0.85,377.9,377.9,397,379.9,14386067,54825,32267,8466,8,,,,
13/10/2015,377.9,377.9,0.77,375,375,380,363.8,14386067,54365,22022,5828,4,,,,
12/10/2015,375,375,-0.82,378.1,378.1,380,370,14386067,53948,15001,4000,3,,,,
11/10/2015,378.1,378.1,-2.3,387,387,387,375,14386067,54394,16439,4348,7,,,,
8/10/2015,387,387,-0.36,388.4,388.4,388.4,385,14386067,55674,17316,4475,2,,,,
7/10/2015,388.4,388.4,2.02,380.7,380.7,398,380,14386067,55875,44075,11380,10,,,,
6/10/2015,380.7,380.7,1.33,382.6,375.7,382.6,380,14386067,54768,8376,2200,2,,,,
1/10/2015,375.7,375.7,0,375.7,375.7,375.7,375.7,14386067,54048,563550,150000,3,,,,
30/09/2015,375.7,375.7,1.19,393,371.3,393,370,14386067,54048,17575,4678,6,,,,
29/09/2015,371.3,371.3,-2.57,381.1,381.1,377.7,371,14386067,53415,38237,10298,8,,,,
24/09/2015,381.1,381.1,-1.01,385,385,382,380,14386067,54825,19255,5052,8,,,,
21/09/2015,385,385,-0.03,385.1,385.1,385,385,14386067,55386,3850,1000,1,,,,
20/09/2015,385.1,385.1,-3,397,397,385.1,385.1,14386067,55401,2311,600,1,,,,
17/09/2015,397,397,-0.08,397.3,397.3,397,397,14386067,57113,2767,697,1,,,,
16/09/2015,397.3,397.3,0,397.3,397.3,0,0,14386067,57156,0,0,0,,,,
10/9/2015,397.3,397.3,0,397.3,397.3,0,0,14386067,57156,0,0,0,,,,
9/9/2015,397.3,397.3,3.33,403.6,384.5,414,385,14386067,57156,38182,9579,9,,,,
8/9/2015,384.5,384.5,-0.75,387.4,387.4,406.7,380.2,14386067,55314,16332,4248,8,,,,
7/9/2015,387.4,387.4,-3.63,402,402,390,380.2,14386067,55732,3157,815,2,,,,
6/9/2015,402,402,0,402,402,0,0,14386067,57832,0,0,0,,,,
3/9/2015,402,402,0.47,400.1,400.1,410,400,14386067,57832,12232,3043,4,,,,
2/9/2015,400.1,400.1,4.74,382,382,413.5,388.9,14386067,57559,118453,29951,14,,,,
1/9/2015,382,382,-3.24,400,394.8,400,382,14386067,54955,110415,28719,14,,,,
31/08/2015,394.8,394.8,-5.51,417.8,417.8,417,380,14386067,56796,32524,8239,12,,,,
30/08/2015,417.8,417.8,6.26,393.2,393.2,419,400,14386067,60105,92920,22406,19,,,,
27/08/2015,393.2,393.2,0.56,391,391,404,381,14386067,56566,239435,60823,27,,,,
26/08/2015,391,391,2.52,381.4,381.4,405,370,14386067,56250,164468,42217,46,,,,
25/08/2015,381.4,381.4,15.58,325,330,399,325,14386067,54868,211721,57993,60,,,,
24/08/2015,330,330,-12.58,351,377.5,360,322,14386067,47474,216619,63276,81,,,,
23/08/2015,377.5,377.5,-9.86,406.3,418.8,406.3,372,14386067,54307,62636,16347,29,,,,
20/08/2015,418.8,418.8,-0.55,421.1,421.1,421,395.5,14386067,60249,112018,27042,33,,,,
19/08/2015,421.1,421.1,9.46,384.7,384.7,433,380,14386067,60580,309822,75621,68,,,,
18/08/2015,384.7,384.7,1.21,390,380.1,390,380,14386067,55343,20025,5206,5,,,,
17/08/2015,380.1,380.1,-2.54,390,390,393.1,380,14386067,54681,103798,27233,14,,,,
16/08/2015,390,390,0,390,390,390,390,14386067,56106,13494,3460,2,,,,
13/08/2015,390,390,0.03,389.9,389.9,390,389.9,14386067,56106,18602,4770,2,,,,
12/8/2015,389.9,389.9,-2.35,399.3,399.3,403,385,14386067,56091,116269,29389,26,,,,
11/8/2015,399.3,399.3,0.86,395.9,395.9,400,395,14386067,57444,67206,16844,8,,,,
10/8/2015,395.9,395.9,1.54,399,389.9,399,389.9,14386067,56954,19923,5032,8,,,,
9/8/2015,389.9,389.9,1.67,385,383.5,404.9,365,14386067,56091,288134,73633,73,,,,
6/8/2015,383.5,383.5,2.08,375.7,375.7,391,374,14386067,55171,178632,47138,34,,,,
5/8/2015,375.7,375.7,0,375.7,375.7,376.1,374,14386067,54048,48152,12814,9,,,,
4/8/2015,375.7,375.7,-0.4,377.2,377.2,377,374.9,14386067,54048,57172,15217,7,,,,
3/8/2015,377.2,377.2,-1.62,376.1,383.4,380,376.1,14386067,54264,38122,10112,8,,,,
2/8/2015,383.4,383.4,-0.62,385.8,385.8,391.6,376,14386067,55156,29341,7653,8,,,,
30/07/2015,385.8,385.8,-1.58,392,392,392,385,14386067,55501,89043,23043,18,,,,
29/07/2015,392,392,-1.51,398,398,392,392,14386067,56393,2278,581,1,,,,
28/07/2015,398,398,1.74,399,391.2,399,395,14386067,57257,79984,20104,16,,,,
27/07/2015,391.2,391.2,-2.08,399.5,399.5,394.5,390,14386067,56278,72045,18420,17,,,,
23/07/2015,399.5,399.5,1.78,392.5,392.5,399.8,390.1,14386067,57472,83489,20928,15,,,,
22/07/2015,392.5,392.5,0.08,392.2,392.2,397.1,387.1,14386067,56465,91544,23362,20,,,,
21/07/2015,392.2,392.2,-2.1,400.6,400.6,401,390,14386067,56422,76435,19373,18,,,,
20/07/2015,400.6,400.6,-0.92,404.3,404.3,410,386,14386067,57631,135707,34366,37,,,,
19/07/2015,404.3,404.3,-0.69,407.1,407.1,410,400,14386067,58163,179523,44154,29,,,,
16/07/2015,407.1,407.1,-1.43,413,413,413,407,14386067,58566,125379,30690,10,,,,
15/07/2015,413,413,0,413,413,413.9,406,14386067,59414,114862,27983,19,,,,
14/07/2015,413,413,1.85,405.5,405.5,413,413,14386067,59414,5315,1287,2,,,,
13/07/2015,405.5,405.5,0.75,402.5,402.5,420,398.8,14386067,58336,228009,55903,45,,,,
12/7/2015,402.5,402.5,-1.37,419.9,408.1,419.9,396,14386067,57904,77878,19061,17,,,,
9/7/2015,408.1,408.1,0.1,400,407.7,419.9,395.6,14386067,58710,103310,25422,23,,,,
8/7/2015,407.7,407.7,-2.84,419.6,419.6,418.7,403,14386067,58652,59339,14553,16,,,,
7/7/2015,419.6,419.6,-2.76,431.5,431.5,428,418.8,14386067,60364,56910,13518,11,,,,
6/7/2015,431.5,431.5,-0.32,432.9,432.9,440,420.1,14386067,62076,66793,15479,15,,,,
5/7/2015,432.9,432.9,-2.37,443.4,443.4,443.4,428,14386067,62277,19970,4613,9,,,,
2/7/2015,443.4,443.4,0.07,447,443.1,447,440,14386067,63788,94753,21314,20,,,,
1/7/2015,443.1,443.1,1.75,436.5,435.5,459,436.5,14386067,63745,215802,48337,42,,,,
30/06/2015,435.5,435.5,3,422.8,422.8,445,422.8,14386067,62651,378059,86462,56,,,,
29/06/2015,422.8,422.8,-3.03,421,436,431.9,421,14386067,60824,20246,4789,9,,,,
28/06/2015,436,436,3.93,407.2,419.5,445,400,14386067,62723,697521,165699,123,,,,
25/06/2015,419.5,419.5,-0.9,420,423.3,425,410.7,13111067,55001,674688,160608,68,,,,
24/06/2015,423.3,423.3,-1.37,432,429.2,439,420,13111067,55499,479058,111614,59,,,,
23/06/2015,429.2,429.2,-0.44,431.1,431.1,435,427,13111067,56273,137285,31828,23,,,,
22/06/2015,431.1,431.1,0.63,435,428.4,439,428.5,13111067,56522,395761,91648,67,,,,
21/06/2015,428.4,428.4,8.21,395.9,395.9,432,403.2,13111067,56168,739264,175697,171,,,,
18/06/2015,395.9,395.9,3.77,381.5,381.5,400.8,380.3,13111067,51907,180849,46057,45,,,,
17/06/2015,381.5,381.5,-1.62,387.8,387.8,387,380.1,13111067,50019,125220,32798,29,,,,
16/06/2015,387.8,387.8,-2.44,397.5,397.5,390,384.4,13111067,50845,68225,17590,24,,,,
15/06/2015,397.5,397.5,-1.75,401.6,404.6,407.9,392.6,13111067,52116,122878,30670,32,,,,
14/06/2015,404.6,404.6,1.35,418,399.2,427,403.2,13111067,53047,331371,79624,96,,,,
11/6/2015,399.2,399.2,3.45,386,385.9,400,380,13111067,52339,185371,47057,39,,,,
10/6/2015,385.9,385.9,-1.96,382,393.6,390,381,13111067,50596,175360,45533,33,,,,
9/6/2015,393.6,393.6,-1.77,391,400.7,400.8,383.5,13111067,51605,260219,66388,49,,,,
8/6/2015,400.7,400.7,-0.27,401.8,401.8,407,390,13111067,52536,266003,66736,53,,,,
7/6/2015,401.8,401.8,4.42,384.8,384.8,414,380,13111067,52680,302498,75749,83,,,,
4/6/2015,384.8,384.8,-2.48,391,394.6,405,382,13111067,50451,141941,36274,48,,,,
3/6/2015,394.6,394.6,-3.02,406.9,406.9,399,390.6,13111067,51736,139282,35348,35,,,,
2/6/2015,406.9,406.9,4.57,400,389.1,413,395,13111067,53349,380225,94047,72,,,,
1/6/2015,389.1,389.1,3.76,396.7,375,396.7,385.7,13111067,51015,138186,35434,33,,,,
31/05/2015,375,375,-0.9,365,378.4,378,364,13111067,49167,306793,83150,65,,,,
28/05/2015,378.4,378.4,-4.47,396.1,396.1,396.8,369,13111067,49612,451475,118044,74,,,,
27/05/2015,396.1,396.1,-2.08,404.5,404.5,404.5,395.6,13111067,51933,371484,93245,61,,,,
26/05/2015,404.5,404.5,-3.58,416,419.5,420,402.1,13111067,53034,281909,69014,64,,,,
25/05/2015,419.5,419.5,-3.7,424,435.6,425.5,410,13111067,55001,184262,43884,57,,,,
21/05/2015,435.6,435.6,0.35,442,434.1,443,430,13111067,57112,285099,65598,52,,,,
20/05/2015,434.1,434.1,0.53,431.8,431.8,445,430,13111067,56915,640597,146249,105,,,,
19/05/2015,431.8,431.8,8.79,425,396.9,433,413,13111067,56614,1127298,266467,201,,,,
18/05/2015,396.9,396.9,-1.27,402,402,405,382,13111067,52038,212327,53664,54,,,,
17/05/2015,402,402,0.02,401.9,401.9,414,401.9,13111067,52706,381785,94694,48,,,,
14/05/2015,401.9,401.9,-3.78,417.7,417.7,421.9,398,13111067,52693,487169,119558,92,,,,
13/05/2015,417.7,417.7,-5.28,445,441,452.3,415,13111067,54765,1176333,271262,223,,,,
12/5/2015,441,441,4.13,434.1,423.5,447,425,13111067,57820,1239724,284736,246,,,,
11/5/2015,423.5,423.5,7.76,399,393,429,399,13111067,55525,1348261,328391,197,,,,
10/5/2015,393,393,6.48,375,369.1,396.9,375,13111067,51526,250592,64093,60,,,,
7/5/2015,369.1,369.1,-4.1,380,384.9,382,340,13111067,48393,678968,185482,137,,,,
6/5/2015,384.9,384.9,-2.7,403.5,395.6,403.5,380,13111067,50465,250238,63925,63,,,,
5/5/2015,395.6,395.6,-0.3,405,396.8,409,385,13111067,51867,835486,209381,152,,,,
4/5/2015,396.8,396.8,6.49,379,372.6,404,376.3,13111067,52025,856928,219767,159,,,,
3/5/2015,372.6,372.6,3.53,368,359.9,380,368,13111067,48852,444929,118813,86,,,,
30/04/2015,359.9,359.9,2.3,355,351.8,365,351.1,12795277,46050,225132,62937,50,,,,
29/04/2015,351.8,351.8,1.56,365,346.4,369,345,12795277,45014,1008118,284253,164,,,,
28/04/2015,346.4,346.4,2.09,339.3,339.3,352,339.3,12795277,44323,494708,142533,67,,,,
27/04/2015,339.3,339.3,-2.58,350,348.3,350,330.5,12795277,43414,266336,77428,66,,,,
26/04/2015,348.3,348.3,11.31,326.6,312.9,350,325,12795277,44566,1284014,384108,223,,,,
21/04/2015,312.9,312.9,3.44,302.5,302.5,315,305.1,12795277,40036,258809,83857,31,,,,
20/04/2015,302.5,302.5,3.24,293,293,309.8,289,12795277,38706,270390,90629,50,,,,
19/04/2015,293,293,0.07,292.8,292.8,299.7,286,12795277,37490,79870,27382,28,,,,
16/04/2015,292.8,292.8,-1.18,301.4,296.3,305,290,12795277,37465,160934,54234,34,,,,
15/04/2015,296.3,296.3,3.03,310,287.6,319,285.3,12795277,37912,1190134,401401,229,,,,
14/04/2015,287.6,287.6,7.43,267.7,267.7,300,267.7,12795277,36799,183742,63338,78,,,,
13/04/2015,267.7,267.7,5.27,254.3,254.3,274,249.5,12795277,34253,202569,77532,66,,,,
12/4/2015,254.3,254.3,2.33,262,248.5,262,248,12795277,32538,25410,9992,10,,,,
8/4/2015,248.5,248.5,0.16,260.8,248.1,260.8,245.5,12795277,31796,39772,15993,12,,,,
7/4/2015,248.1,248.1,1.72,258,243.9,258,248,12795277,31745,12327,4969,3,,,,
6/4/2015,243.9,243.9,-0.37,240,244.8,255.5,240,12795277,31208,24511,10048,9,,,,
5/4/2015,244.8,244.8,1.24,241.8,241.8,259,241,12795277,31323,37770,15422,13,,,,
2/4/2015,241.8,241.8,8.04,227.9,223.8,253,227.9,12795277,30939,291032,119040,54,,,,
1/4/2015,223.8,223.8,7.86,207.5,207.5,229,220,12795277,28636,262621,118546,48,,,,
31/03/2015,207.5,207.5,2.27,202.9,202.9,215.2,206,12795277,26550,26458,12754,11,,,,
30/03/2015,202.9,202.9,-1.5,206,206,215,201,12716330,25801,33983,16654,8,,,,
29/03/2015,206,206,3.26,199.5,199.5,212,205,12716330,26196,4119,2000,5,,,,
26/03/2015,199.5,199.5,-1.38,202.3,202.3,204,190,12716330,25369,50899,25497,12,,,,
25/03/2015,202.3,202.3,2.53,197.3,197.3,205,200,12716330,25725,24037,11883,10,,,,
24/03/2015,197.3,197.3,-4.04,210,205.6,210,195,11347907,22389,50701,25703,30,,,,
23/03/2015,205.6,205.6,-7.39,222,222,222.2,199,11347907,23331,59148,28633,23,,,,
22/03/2015,222,222,-2.46,222,227.6,222,222,11347907,25192,4440,2000,1,,,,
19/03/2015,227.6,227.6,-1.43,230.9,230.9,230.9,219.5,11347907,25828,6950,3054,7,,,,
18/03/2015,230.9,230.9,1.81,226.8,226.8,238.9,218.9,11347907,26202,60185,26491,22,,,,
16/03/2015,226.8,226.8,-1.39,230,230,230,221,11347907,25737,16226,7156,6,,,,
15/03/2015,230,230,0,230,230,0,0,11347907,26100,0,0,0,,,,
12/3/2015,230,230,-1.25,232.9,232.9,230,230,11347907,26100,6900,3000,1,,,,
11/3/2015,232.9,232.9,-0.04,242,233,242.6,225,11347907,26429,56158,23744,24,,,,
10/3/2015,233,233,0.17,232.6,232.6,234,232.9,11347907,26441,5359,2300,3,,,,
9/3/2015,232.6,232.6,1,230.3,230.3,235,230.3,11347907,26395,6979,3000,2,,,,
8/3/2015,230.3,230.3,-0.3,230,231,231,230,11347907,26134,9898,4298,4,,,,
4/3/2015,231,231,-1.07,233.5,233.5,245.3,230,11347907,26214,24256,10500,8,,,,
3/3/2015,233.5,233.5,-3.47,241.9,241.9,233.5,233.5,11347907,26497,1868,800,1,,,,
2/3/2015,241.9,241.9,-0.21,242.4,242.4,253,233,11347907,27451,81919,33576,26,,,,
1/3/2015,242.4,242.4,-2.96,249.8,249.8,250,240,11347907,27507,38007,15679,14,,,,
26/02/2015,249.8,249.8,1.67,255,245.7,255,245.7,11347907,28347,95989,38184,24,,,,
25/02/2015,245.7,245.7,2.67,233,239.3,255,232.3,11347907,27882,127016,51506,37,,,,
24/02/2015,239.3,239.3,-3.66,259.7,248.4,259.7,234,11347907,27156,159974,65229,41,,,,
23/02/2015,248.4,248.4,10.89,228,224,252,223,11347907,28188,688075,283667,168,,,,
22/02/2015,224,224,9.7,212,204.2,229,211,11347907,25419,438863,196679,112,,,,
19/02/2015,204.2,204.2,1.9,200.4,200.4,212,195,11347907,23172,72327,35979,24,,,,
18/02/2015,200.4,200.4,-1.04,202.5,202.5,206.2,198,11347907,22741,83485,41644,23,,,,
17/02/2015,202.5,202.5,-0.54,213.6,203.6,213.6,200.1,11347907,22980,139584,68181,52,,,,
16/02/2015,203.6,203.6,-5.7,220,215.9,228,196.7,11347907,23104,720902,344856,196,,,,
15/02/2015,215.9,215.9,28.13,180,168.5,219.9,180,11347907,24500,1276770,639956,327,,,,
12/2/2015,168.5,168.5,3.18,163.3,163.3,180,148,11347907,19121,87745,53914,42,,,,
11/2/2015,163.3,163.3,0,163.3,163.3,0,0,11347907,18531,0,0,0,,,,
10/2/2015,163.3,163.3,-0.79,164.6,164.6,165.9,163,11347907,18531,33913,20770,3,,,,
9/2/2015,164.6,164.6,0,164.6,164.6,0,0,11347907,18679,0,0,0,,,,
8/2/2015,164.6,164.6,0,164.6,164.6,0,0,11347907,18679,0,0,0,,,,
5/2/2015,164.6,164.6,1.23,162,162.6,165.9,162,11347907,18679,2991,1817,3,,,,
4/2/2015,162.6,162.6,-4.07,169.5,169.5,168,161,11347907,18452,25029,15391,16,,,,
3/2/2015,169.5,169.5,-0.35,170.1,170.1,173.2,166,11347907,19235,20097,11855,11,,,,
2/2/2015,170.1,170.1,-0.12,170.3,170.3,182,166,11347907,19303,44831,26488,18,,,,
1/2/2015,170.3,170.3,0,170.3,170.3,0,0,11347907,19325,0,0,0,,,,
29/01/2015,170.3,170.3,17.21,145,145.3,180,145,11347907,19325,78702,47742,39,,,,
28/01/2015,145.3,145.3,-2.61,149.2,149.2,148,145,11347907,16489,12976,8933,6,,,,
27/01/2015,149.2,149.2,0.61,148.3,148.3,151,148,11347907,16931,15997,10725,7,,,,
26/01/2015,148.3,148.3,-1.13,150,150,150,146.8,11347907,16829,14322,9660,7,,,,
25/01/2015,150,150,-1.9,150,152.9,154.9,146.8,11347907,17022,12777,8518,11,,,,
22/01/2015,152.9,152.9,-6.02,162.7,162.7,163,150,11347907,17351,24006,15697,10,,,,
21/01/2015,162.7,162.7,-4.29,170,170,166.3,160,11347907,18463,16626,10220,11,,,,
20/01/2015,170,170,-1.16,172,172,170,170,11347907,19291,4553,2678,2,,,,
19/01/2015,172,172,-1.32,174.3,174.3,172,172,11347907,19518,1892,1100,1,,,,
18/01/2015,174.3,174.3,0.17,182.7,174,182.7,172.6,11347907,19779,5089,2919,2,,,,
15/01/2015,174,174,-1.02,175.8,175.8,174.1,174,11347907,19745,11165,6416,4,,,,
14/01/2015,175.8,175.8,1.21,170,173.7,180,170,11347907,19950,6824,3883,6,,,,
13/01/2015,173.7,173.7,-0.97,175.4,175.4,175,171.3,11347907,19711,14377,8275,3,,,,
12/1/2015,175.4,175.4,-2.01,179,179,176,175,11347907,19904,14493,8262,6,,,,
11/1/2015,179,179,-3.5,185.5,185.5,180,178.5,11347907,20313,29071,16244,5,,,,
8/1/2015,185.5,185.5,-2.42,190.1,190.1,187,184.4,11347907,21050,35624,19208,11,,,,
7/1/2015,190.1,190.1,0.53,189.1,189.1,191,189,11347907,21572,35186,18505,6,,,,
6/1/2015,189.1,189.1,0.64,187.9,187.9,194.3,184,11347907,21459,10591,5601,7,,,,
5/1/2015,187.9,187.9,4.74,183,179.4,198.5,180,11347907,21323,81713,43519,27,,,,
4/1/2015,179.4,179.4,-3.86,186.6,186.6,190,176,11347907,20358,75726,42079,26,,,,
1/1/2015,186.6,186.6,2.7,181.7,181.7,200,179,11347907,21175,17902,9593,14,,,,
31/12/2014,181.7,181.7,-0.98,183.5,183.5,187.2,173,11347907,20619,12856,7076,9,,,,
30/12/2014,183.5,183.5,-6.43,194,196.1,194,173,11347907,20823,46500,25268,22,,,,
29/12/2014,196.1,196.1,-3.16,202.5,202.5,200,193,11347907,22253,14878,7586,6,,,,
28/12/2014,202.5,202.5,-5.59,214.5,214.5,214.5,196.3,11347907,22980,61163,30173,23,,,,
25/12/2014,214.5,214.5,0,216.5,214.5,216.5,210,11347907,24341,23,11,2,,,,
24/12/2014,214.5,214.5,-4.88,225.5,225.5,228,203.5,11347907,24341,176066,80389,34,,,,
23/12/2014,225.5,225.5,6.42,211.9,211.9,233,207,11347907,25590,104610,48097,26,,,,
22/12/2014,211.9,211.9,-4.51,221.9,221.9,214.2,210.5,11347907,24046,53131,25033,16,,,,
21/12/2014,221.9,221.9,-5.37,234.5,234.5,227,220,11347907,25181,13999,6308,6,,,,
18/12/2014,234.5,234.5,5.96,221.3,221.3,237.9,225.7,11347907,26611,113808,48795,25,,,,
17/12/2014,221.3,221.3,1.47,218.1,218.1,228.8,219,11347907,25113,88441,39467,26,,,,
16/12/2014,218.1,218.1,-9.58,241.2,241.2,241,215.8,11347907,24750,82925,37165,25,,,,
15/12/2014,241.2,241.2,2.42,235.5,235.5,245,230,11347907,27371,79615,33129,28,,,,
14/12/2014,235.5,235.5,2.44,229.9,229.9,244.8,226,11347907,26724,43786,18734,15,,,,
11/12/2014,229.9,229.9,-1.46,231.2,233.3,245,226,11347907,26089,74022,32046,24,,,,
10/12/2014,233.3,233.3,-3.32,241.3,241.3,241,231,11347907,26475,63820,27232,18,,,,
9/12/2014,241.3,241.3,-3.75,250.7,250.7,254,239,11347907,27383,132469,53691,24,,,,
8/12/2014,250.7,250.7,-1.22,253,253.8,253,244,11347907,28449,51352,20446,12,,,,
7/12/2014,253.8,253.8,-3.17,262.1,262.1,270,221.1,11347907,28801,283064,113659,79,,,,
4/12/2014,262.1,262.1,1.39,260,258.5,268,250,11347907,29743,250160,95873,63,,,,
3/12/2014,258.5,258.5,7.08,243,241.4,275.1,243,11347907,29334,588063,223389,155,,,,
2/12/2014,241.4,241.4,20.64,215,200.1,251,215,11347907,27394,563249,236177,158,,,,
1/12/2014,200.1,200.1,3.04,200,194.2,210,195,11347907,22707,128560,63481,36,,,,
30/11/2014,194.2,194.2,-2.12,198.4,198.4,205,190,11347907,22038,88137,45486,21,,,,
27/11/2014,198.4,198.4,-1.49,201.4,201.4,210,180,11347907,22514,324907,171498,87,,,,
26/11/2014,201.4,201.4,-6.24,214.8,214.8,209,196,11347907,22855,143994,71474,39,,,,
25/11/2014,214.8,214.8,0.75,223,213.2,223.7,205,11347907,24375,400022,183753,93,,,,
24/11/2014,213.2,213.2,16.44,199.6,183.1,223,199.1,11347907,24194,819094,387118,191,,,,
23/11/2014,183.1,183.1,18.36,150.2,154.7,191,150,11347907,20778,330528,199890,102,,,,
20/11/2014,154.7,154.7,23.96,139,124.8,158,138.1,11347907,17555,380804,260530,115,,,,
19/11/2014,124.8,124.8,-1.03,126.1,126.1,126.1,122,11347907,14162,31947,25554,7,,,,
18/11/2014,126.1,126.1,-0.55,126.8,126.8,127,126,11347907,14310,24203,19189,4,,,,
17/11/2014,126.8,126.8,-1.71,126,129,129,125,11347907,14389,27560,21747,8,,,,
16/11/2014,129,129,-2.27,132,132,130,127.4,11347907,14639,28531,22116,4,,,,
13/11/2014,132,132,2.33,129,129,139,129,11347907,14979,26176,19832,9,,,,
12/11/2014,129,129,-5.49,136.5,136.5,133,122.3,11347907,14639,14540,11270,10,,,,
11/11/2014,136.5,136.5,0,139.9,136.5,139.9,135,11347907,15490,5681,4163,3,,,,
10/11/2014,136.5,136.5,0.89,135.3,135.3,137.8,136,11347907,15490,15693,11496,10,,,,
9/11/2014,135.3,135.3,2.42,132.1,132.1,138.9,134.4,11347907,15354,12971,9585,6,,,,
6/11/2014,132.1,132.1,-0.38,132.6,132.6,132.8,131,11347907,14991,5015,3795,2,,,,
5/11/2014,132.6,132.6,-3.07,136.8,136.8,133,131,11347907,15047,11115,8380,4,,,,
4/11/2014,136.8,136.8,0,136.8,136.8,0,0,11347907,15524,0,0,0,,,,
3/11/2014,136.8,136.8,-2.08,139.7,139.7,139.2,135,11347907,15524,68248,49908,15,,,,
2/11/2014,139.7,139.7,-4.32,146,146,140.2,139.5,11347907,15853,2096,1500,2,,,,
30/10/2014,146,146,-5.44,154.4,154.4,148.5,145.1,11347907,16568,8050,5513,3,,,,
29/10/2014,154.4,154.4,0.13,157,154.2,157,157,11347907,17521,151,96,1,,,,
28/10/2014,154.2,154.2,0.13,154,154,157,157,11347907,17498,151,96,1,,,,
27/10/2014,154,154,0,154,154,0,0,11347907,17476,0,0,0,,,,
26/10/2014,154,154,0,154,154,0,0,11347907,17476,0,0,0,,,,
23/10/2014,154,154,-2.41,157.8,157.8,155,153,11347907,17476,9589,6225,2,,,,
22/10/2014,157.8,157.8,0,157.8,157.8,0,0,11347907,17907,0,0,0,,,,
21/10/2014,157.8,157.8,4.37,151.2,151.2,157.8,157.8,11347907,17907,4325,2741,2,,,,
20/10/2014,151.2,151.2,0,151.2,151.2,0,0,11347907,17158,0,0,0,,,,
19/10/2014,151.2,151.2,-5.2,160,159.5,160,145.2,11347907,17158,16078,10635,7,,,,
14/10/2014,159.5,159.5,2.9,155,155,160,159,11347907,18100,2702,1694,3,,,,
13/10/2014,155,155,-2.52,159,159,160,154.3,11347907,17589,7129,4600,3,,,,
12/10/2014,159,159,0,159,159,0,0,11347907,18043,0,0,0,,,,
7/10/2014,159,159,3.45,159,153.7,159,159,11347907,18043,5150,3239,3,,,,
6/10/2014,153.7,153.7,2.4,151.4,150.1,160,151.4,11347907,17442,27336,17791,11,,,,
5/10/2014,150.1,150.1,1.01,148.6,148.6,151,148,11347907,17033,8303,5531,4,,,,
2/10/2014,148.6,148.6,4.43,142.3,142.3,152.9,146.9,11347907,16863,17897,12042,9,,,,
1/10/2014,142.3,142.3,0.99,146.5,140.9,148.9,140.2,11347907,16148,130371,90542,22,,,,
30/09/2014,140.9,140.9,1.95,138.2,138.2,146,139.2,11347907,15989,27015,19174,11,,,,
29/09/2014,138.2,138.2,-14.74,156,162.1,156,137.1,11347907,15683,108322,74614,36,,,,
28/09/2014,162.1,162.1,3.25,157,157,168,159.8,11347907,18395,11504,7099,5,,,,
23/09/2014,157,157,-1.81,159.9,159.9,157,157,11347907,17816,27271,17370,3,,,,
22/09/2014,159.9,159.9,-2.56,166.9,164.1,166.9,159.2,11347907,18145,17181,10745,5,,,,
21/09/2014,164.1,164.1,0.06,164,164,165.5,165.5,11347907,18622,151,91,1,,,,
18/09/2014,164,164,-0.24,164,164.4,164,164,11347907,18611,3280,2000,2,,,,
17/09/2014,164.4,164.4,2.11,165,161,168,160,11347907,18656,45986,27968,14,,,,
16/09/2014,161,161,0.31,160.5,160.5,161,161,11347907,18270,4830,3000,2,,,,
15/09/2014,160.5,160.5,1.07,158.8,158.8,165,158.8,11347907,18213,5136,3200,3,,,,
14/09/2014,158.8,158.8,-3.11,169,163.9,169,157.5,11347907,18020,7267,4578,5,,,,
11/9/2014,163.9,163.9,4.2,164,157.3,164,163,11347907,18599,52189,31843,10,,,,
10/9/2014,157.3,157.3,0.64,150,156.3,166.6,150,11347907,17850,13848,8801,8,,,,
9/9/2014,156.3,156.3,0.06,150,156.2,161.6,150,11347907,17737,9432,6034,10,,,,
8/9/2014,156.2,156.2,2.7,152.1,152.1,158.1,155.1,11347907,17725,12438,7962,4,,,,
7/9/2014,152.1,152.1,2.7,150,148.1,157,149,11347907,17260,25572,16816,14,,,,
4/9/2014,148.1,148.1,4.08,142.3,142.3,149.7,142.9,11347907,16806,66744,45269,24,,,,
3/9/2014,142.3,142.3,5.33,135,135.1,145,135,11347907,16148,79838,56257,38,,,,
2/9/2014,135.1,135.1,-2.53,138.6,138.6,135.1,135.1,11347907,15331,2688,1990,1,,,,
1/9/2014,138.6,138.6,2.21,136,135.6,142.9,134,11347907,15728,53301,38516,17,,,,
31/08/2014,135.6,135.6,-3.83,141,141,137,133.4,11347907,15388,5854,4317,4,,,,
28/08/2014,141,141,0,141,141,141,141,11347907,16001,5000,3546,2,,,,
27/08/2014,141,141,4.52,134.9,134.9,146.9,136.1,11347907,16001,35576,25341,18,,,,
26/08/2014,134.9,134.9,-2.25,138,138,139.8,133.7,11347907,15308,12884,9549,6,,,,
25/08/2014,138,138,0.95,136.7,136.7,138,137.9,11347907,15660,11653,8446,4,,,,
24/08/2014,136.7,136.7,-0.07,136.8,136.8,136.7,136.7,11347907,15513,1640,1200,1,,,,
21/08/2014,136.8,136.8,-3.59,141.9,141.9,142,135,11347907,15524,66373,48414,19,,,,
20/08/2014,141.9,141.9,5.11,135,135,148,133,11347907,16103,239015,173777,59,,,,
19/08/2014,135,135,-0.52,134,135.7,135,131.3,11347907,15320,71280,53256,28,,,,
18/08/2014,135.7,135.7,-5.17,143.1,143.1,141,130,11347907,15399,154698,114548,56,,,,
17/08/2014,143.1,143.1,-3.11,144.1,147.7,147.8,140.4,11347907,16239,39207,27372,23,,,,
14/08/2014,147.7,147.7,-10.65,165.3,165.3,160.4,140,11347907,16761,236977,161057,104,,,,
13/08/2014,165.3,165.3,0,165.3,165.3,165,165,11347907,18758,7,4,1,,,,
12/8/2014,165.3,165.3,0,165.3,165.3,167.7,167.7,11347907,18758,2,1,1,,,,
11/8/2014,165.3,165.3,5.83,156.2,156.2,167.9,156.2,11347907,18758,85734,51781,22,,,,
10/8/2014,156.2,156.2,1.76,153.5,153.5,156.2,156.2,11347907,17725,1874,1200,1,,,,
7/8/2014,153.5,153.5,-3.46,154.3,159,154.3,153,11347907,17419,9191,5987,5,,,,
6/8/2014,159,159,-2.15,162.5,162.5,162.5,155.1,11347907,18043,19017,11962,8,,,,
4/8/2014,162.5,162.5,-6.72,174.2,174.2,172.8,161.4,11347907,18440,57006,34813,27,,,,
3/8/2014,174.2,174.2,5.51,175,165.1,184.9,172,11347907,19768,132259,74755,52,,,,
31/07/2014,165.1,165.1,-0.54,166,166,168,164,11347907,18735,3468,2100,4,,,,
30/07/2014,166,166,1.22,164,164,168,156,11347907,18838,76223,46592,36,,,,
29/07/2014,164,164,3.6,158.3,158.3,164,164,11347907,18611,6426,3918,4,,,,
28/07/2014,158.3,158.3,4.28,151.8,151.8,159,152.5,11347907,17964,17507,11060,9,,,,
27/07/2014,151.8,151.8,0.86,150.5,150.5,155,151.4,11347907,17226,28747,18951,7,,,,
24/07/2014,150.5,150.5,-0.99,152,152,150.6,150.5,11347907,17079,4516,3000,2,,,,
23/07/2014,152,152,0.93,150.6,150.6,163,150.1,11347907,17249,7480,4920,4,,,,
22/07/2014,150.6,150.6,2.31,147.2,147.2,152,147.4,11347907,17090,14442,9590,12,,,,
21/07/2014,147.2,147.2,-0.67,148.2,148.2,150,144,11347907,16704,16482,11198,8,,,,
20/07/2014,148.2,148.2,-2.56,150,152.1,150,146,11347907,16818,12010,8107,9,,,,
17/07/2014,152.1,152.1,-3.55,157.7,157.7,158,150,11347907,17260,149151,97629,41,,,,
16/07/2014,157.7,157.7,-2.47,161.7,161.7,167.9,156.1,11347907,17896,35405,22309,15,,,,
15/07/2014,161.7,161.7,-1.46,164.1,164.1,164.1,160.3,11347907,18350,49031,30284,17,,,,
14/07/2014,164.1,164.1,7.61,152.5,152.5,178,153,11347907,18622,446869,265307,132,,,,
13/07/2014,152.5,152.5,-0.59,152.5,153.4,160.9,152,11347907,17306,97537,63612,37,,,,
10/7/2014,153.4,153.4,-3.88,166,159.6,166,152.4,11347907,17408,101131,65032,45,,,,
9/7/2014,159.6,159.6,-4.83,175,167.7,175,158,11347907,18111,137423,82965,59,,,,
8/7/2014,167.7,167.7,6.01,170,158.2,179,162,11347907,19030,688945,402396,225,,,,
7/7/2014,158.2,158.2,-14.44,170,184.9,173.8,149,11347907,17952,1009090,635503,349,,,,
6/7/2014,184.9,184.9,-15.65,219.2,219.2,217.1,175,11347907,20982,468495,239530,158,,,,
3/7/2014,219.2,219.2,-1.88,231,223.4,231,217.2,11347907,24875,37093,16919,21,,,,
2/7/2014,223.4,223.4,0.72,221.2,221.8,239,221,11347907,25351,206551,90931,62,,,,
1/7/2014,221.8,221.8,-2.97,228,228.6,237,212,11347907,25170,237343,107527,77,,,,
30/06/2014,228.6,228.6,-14.41,250.2,267.1,251,226,11347907,25941,1152145,487272,366,,,,
29/06/2014,267.1,267.1,-2.48,273.9,273.9,279.8,264.3,11347907,30310,122523,45434,30,,,,
26/06/2014,273.9,273.9,6.2,261.9,257.9,286,258.9,11347907,31082,517570,190168,154,,,,
25/06/2014,257.9,257.9,2.67,254,251.2,263,249,11347907,29266,113846,44667,49,,,,
24/06/2014,251.2,251.2,1.49,247.5,247.5,254.9,235,11347907,28506,234631,95912,72,,,,
23/06/2014,247.5,247.5,-0.8,249.5,249.5,254,244,11347907,28086,49548,19981,22,,,,
22/06/2014,249.5,249.5,-1.5,253.3,253.3,254.9,247,11347907,28313,141807,56799,31,,,,
19/06/2014,253.3,253.3,-1.9,262.9,258.2,262.9,250.5,11347907,28744,134723,53216,50,,,,
18/06/2014,258.2,258.2,-4.65,266.3,270.8,266.4,255.5,11347907,29300,101556,38817,33,,,,
17/06/2014,270.8,270.8,-0.51,272.2,272.2,273.9,270,11347907,30730,17086,6310,8,,,,
16/06/2014,272.2,272.2,-4.32,284,284.5,284,271.1,11347907,30889,106325,38872,31,,,,
15/06/2014,284.5,284.5,1.86,279.3,279.3,286.5,277,11347907,32285,90218,31868,32,,,,
12/6/2014,279.3,279.3,5.72,264.2,264.2,284.9,260,11347907,31695,270905,99215,77,,,,
11/6/2014,264.2,264.2,-1.34,267.8,267.8,283,263,11347907,29981,254667,94018,62,,,,
10/6/2014,267.8,267.8,-3.88,278.6,278.6,288,262,11347907,30390,152872,55686,49,,,,
9/6/2014,278.6,278.6,7.61,258.9,258.9,283.9,258.9,11347907,31615,515591,190877,132,,,,
8/6/2014,258.9,258.9,0.31,260,258.1,266.8,253.6,11347907,29380,217105,83323,61,,,,
5/6/2014,258.1,258.1,0.78,256.1,256.1,263.3,247.4,11347907,29289,355469,139515,107,,,,
2/6/2014,256.1,256.1,-3.36,265,265,265,250,11347907,29062,434159,169710,119,,,,
1/6/2014,265,265,-2.72,272.4,272.4,283,262,11347907,30072,160252,59291,58,,,,
29/05/2014,272.4,272.4,-6.46,295,291.2,309.4,270.1,11347907,30912,751352,260205,231,,,,
28/05/2014,291.2,291.2,-15.74,340,345.6,345.6,265,11347907,33045,1414219,477922,421,,,,
27/05/2014,345.6,345.6,-3.71,358.9,358.9,362.9,343,11347907,39218,221042,62868,67,,,,
26/05/2014,358.9,358.9,6.15,338.1,338.1,367,325.1,11347907,40728,486209,138096,145,,,,
25/05/2014,338.1,338.1,-0.27,339,339,349.7,333.6,11347907,38367,108403,31959,35,,,,
22/05/2014,339,339,-1.8,345.2,345.2,345,334.9,11347907,38469,147401,43550,50,,,,
21/05/2014,345.2,345.2,0.47,343.6,343.6,349.6,340,11347907,39173,31750,9200,13,,,,
20/05/2014,343.6,343.6,-1.12,347.5,347.5,348.9,333,11347907,38991,172106,50561,68,,,,
19/05/2014,347.5,347.5,-2.93,355.6,358,369.3,344.2,11347907,39434,214759,61115,71,,,,
18/05/2014,358,358,-4.07,373.2,373.2,366,355.6,11347907,40626,145907,40492,47,,,,
15/05/2014,373.2,373.2,-0.45,374.9,374.9,378.8,365,11347907,42350,103541,27883,38,,,,
14/05/2014,374.9,374.9,-0.82,384,378,391.9,370,11347907,42543,50597,13410,26,,,,
13/05/2014,378,378,0.43,376.4,376.4,393.5,351,11347907,42895,543987,145564,98,,,,
12/5/2014,376.4,376.4,-5.69,409.6,399.1,409.6,373.1,11347907,42714,129384,34289,48,,,,
11/5/2014,399.1,399.1,0.71,413,396.3,413,386,11347907,45290,122526,30124,23,,,,
8/5/2014,396.3,396.3,0.08,396,396,399,385,11347907,44972,142258,36121,26,,,,
7/5/2014,396,396,-5.49,428.9,419,428.9,390,11347907,44938,122133,30470,48,,,,
4/5/2014,419,419,0.96,440,415,440,410,11347907,47548,443992,103947,98,,,,
1/5/2014,415,415,12.8,373.9,367.9,415,373.9,11347907,47094,571441,144505,135,,,,
30/04/2014,367.9,367.9,3.02,362.1,357.1,369.8,359.9,11347907,41749,178296,48562,59,,,,
29/04/2014,357.1,357.1,1.48,358.3,351.9,358.5,352.6,11347907,40523,59014,16538,31,,,,
28/04/2014,351.9,351.9,-5.38,375,371.9,375,350.2,11347907,39933,257914,72164,106,,,,
27/04/2014,371.9,371.9,-7.83,375.3,403.5,402.5,360.1,11347907,42203,542210,144622,164,,,,
24/04/2014,403.5,403.5,0.85,406.5,400.1,406.8,400,11347907,45789,160875,39739,39,,,,
23/04/2014,400.1,400.1,-3.31,413.8,413.8,413.8,397.2,11347907,45403,122181,30248,35,,,,
22/04/2014,413.8,413.8,-2.11,420,422.7,420,407,11347907,46958,190208,46272,33,,,,
17/04/2014,422.7,422.7,-7.3,435.2,456,448,420,11342477,47945,198884,46600,60,,,,
16/04/2014,456,456,3,456.5,442.7,456.5,455.8,11342477,51722,28727,6300,5,,,,
13/04/2014,442.7,442.7,-3.82,450,460.3,457.5,437.1,11342477,50213,359238,80792,69,,,,
10/4/2014,460.3,460.3,7.27,429.1,429.1,471,428.7,11342477,52209,761169,170442,178,,,,
9/4/2014,429.1,429.1,4.91,409,409,429.6,414.9,11342477,48671,106967,25040,13,,,,
8/4/2014,409,409,-0.29,410.2,410.2,418,399,11342477,46391,18582,4543,9,,,,
7/4/2014,410.2,410.2,0.47,409,408.3,415.8,409,11342477,46527,12443,3033,6,,,,
6/4/2014,408.3,408.3,-0.1,419.8,408.7,419.8,400,11342477,46311,153809,37926,35,,,,
3/4/2014,408.7,408.7,0.57,413.4,406.4,424.9,403,11342477,46357,172581,42123,51,,,,
2/4/2014,406.4,406.4,-3.49,430,421.1,430,405,11342477,46096,131072,31891,40,,,,
1/4/2014,421.1,421.1,-1.24,444.9,426.4,444.9,420,11342477,47763,104629,24557,37,,,,
31/03/2014,426.4,426.4,-3.24,440.7,440.7,440,421,11342477,48364,56309,13159,19,,,,
30/03/2014,440.7,440.7,2.32,440.9,430.7,440.9,440.7,11342477,49986,4848,1100,4,,,,
27/03/2014,430.7,430.7,-2.64,442.4,442.4,446.9,428,11342477,48852,42554,9881,15,,,,
26/03/2014,442.4,442.4,-0.52,444.7,444.7,454,433,10942477,48410,30170,6820,19,,,,
25/03/2014,444.7,444.7,0.7,441.6,441.6,444.7,444.7,10942477,48661,2388,537,2,,,,
24/03/2014,441.6,441.6,1.68,434.3,434.3,443,437,10942477,48322,7229,1637,4,,,,
23/03/2014,434.3,434.3,-2.65,441,446.1,442.9,432.1,10942477,47523,109667,25205,39,,,,
20/03/2014,446.1,446.1,-0.71,449.3,449.3,450,445,10942477,48814,71642,16012,16,,,,
19/03/2014,449.3,449.3,-0.27,450.5,450.5,458,445,10942477,49165,14638,3258,8,,,,
18/03/2014,450.5,450.5,0.09,459.9,450.1,459.9,450,10942477,49296,92045,20325,21,,,,
17/03/2014,450.1,450.1,-3.89,474.9,468.3,474.9,449.2,10942477,49252,93224,20597,33,,,,
13/03/2014,468.3,468.3,1.14,463,463,474.9,463,10942477,51244,70615,15127,16,,,,
12/3/2014,463,463,-0.43,468,465,468,460,10942477,50664,51656,11145,14,,,,
11/3/2014,465,465,1.66,466.5,457.4,477.8,462,10942477,50883,141064,30198,37,,,,
10/3/2014,457.4,457.4,1.19,452,452,471.8,445.5,10942477,50051,80867,17818,35,,,,
9/3/2014,452,452,-1.72,459.9,459.9,469.8,450.1,10942477,49460,30032,6644,6,,,,
6/3/2014,459.9,459.9,1.03,460,455.2,472,456,10942477,50324,24391,5303,11,,,,
5/3/2014,455.2,455.2,0.98,450.8,450.8,458.3,450.8,10942477,49810,24360,5352,11,,,,
4/3/2014,450.8,450.8,-2.17,475,460.8,475,449,10942477,49329,195991,43071,46,,,,
3/3/2014,460.8,460.8,-1.89,466,469.7,476.9,451,10942477,50423,43979,9530,19,,,,
2/3/2014,469.7,469.7,-2.59,482.2,482.2,494,467,10942477,51397,128737,27207,27,,,,
27/02/2014,482.2,482.2,1.03,485.8,477.3,505,470,10942477,52765,146198,30147,33,,,,
26/02/2014,477.3,477.3,2.56,465.4,465.4,485.6,473.9,10942477,52228,178071,37184,44,,,,
25/02/2014,465.4,465.4,-3.62,482.9,482.9,470.3,463.5,10942477,50926,81696,17486,19,,,,
24/02/2014,482.9,482.9,0.17,482.1,482.1,483,482.7,9089144,43891,22991,4761,5,,,,
23/02/2014,482.1,482.1,4.15,462.9,462.9,484,462,9089144,43819,151062,31761,51,,,,
20/02/2014,462.9,462.9,-2.09,472.8,472.8,483.1,462,9089144,42074,73429,15729,22,,,,
19/02/2014,472.8,472.8,2.58,460.9,460.9,485.8,467,9089144,42973,44585,9399,23,,,,
18/02/2014,460.9,460.9,1.77,455,452.9,478,455,9089144,41892,114936,24723,42,,,,
17/02/2014,452.9,452.9,-2.08,474.9,462.5,474.9,450,9089144,41165,256418,56653,54,,,,
16/02/2014,462.5,462.5,-5.8,491,491,505,457.1,9089144,42037,296553,63722,78,,,,
13/02/2014,491,491,-3.44,501,508.5,501,487,9089144,44628,100990,20536,27,,,,
12/2/2014,508.5,508.5,-1.72,517.4,517.4,525,502,9089144,46218,96798,18874,23,,,,
11/2/2014,517.4,517.4,1.43,510.1,510.1,525,510,9089144,47027,203669,39371,34,,,,
10/2/2014,510.1,510.1,0.04,509.9,509.9,514.9,495.1,9089144,46364,178807,35203,44,,,,
9/2/2014,509.9,509.9,0.39,510,507.9,510,500,9089144,46346,103712,20522,20,,,,
6/2/2014,507.9,507.9,2.92,493.5,493.5,521.5,493.5,9089144,46164,227869,44425,67,,,,
5/2/2014,493.5,493.5,-3.03,503,508.9,519.9,490,9089144,44855,195218,38941,49,,,,
4/2/2014,508.9,508.9,-2.64,512,522.7,512,480,9089144,46255,260685,52626,73,,,,
3/2/2014,522.7,522.7,2.23,525,511.3,530,512,9089144,47509,246198,46941,51,,,,
2/2/2014,511.3,511.3,1.99,512,501.3,524,485,9089144,46473,324008,64223,84,,,,
30/01/2014,501.3,501.3,3.04,486.5,486.5,505,494,9089144,45564,207890,41493,43,,,,
29/01/2014,486.5,486.5,-1.92,492,496,504.5,475,9089144,44219,119696,24520,38,,,,
28/01/2014,496,496,2.44,503,484.2,509,482,9089144,45082,224799,44949,72,,,,
27/01/2014,484.2,484.2,6.18,461,456,500,461,9089144,44010,180716,37807,46,,,,
26/01/2014,456,456,-1.98,465.2,465.2,473,445.1,9089144,41447,180354,39507,42,,,,
23/01/2014,465.2,465.2,-6.04,485,495.1,501,460,9089144,42283,348028,72974,105,,,,
22/01/2014,495.1,495.1,-7.65,531,536.1,532,486.2,9089144,45000,696530,137285,113,,,,
21/01/2014,536.1,536.1,1.27,549.9,529.4,550,527.2,9089144,48727,389763,72004,80,,,,
20/01/2014,529.4,529.4,-3.9,550,550.9,551.6,516.1,9089144,48118,484833,91113,123,,,,
19/01/2014,550.9,550.9,5.88,550,520.3,573,524.9,9089144,50072,1178345,214244,267,,,,
16/01/2014,520.3,520.3,10.4,485,471.3,523,485,9089144,47291,1009933,199488,202,,,,
15/01/2014,471.3,471.3,14.64,423,411.1,505,415,9089144,42837,757493,160408,204,,,,
14/01/2014,411.1,411.1,-2.86,438.9,423.2,438.9,410,9089144,37365,55679,13401,21,,,,
13/01/2014,423.2,423.2,-3.4,435,438.1,445,417.1,9089144,38465,84906,19846,27,,,,
12/1/2014,438.1,438.1,2.74,451,426.4,461,435,9089144,39820,246703,55024,81,,,,
9/1/2014,426.4,426.4,9.39,405,389.8,435,385,9089144,38756,455073,108936,148,,,,
8/1/2014,389.8,389.8,12.82,352.2,345.5,395,352,9089144,35429,409369,110870,108,,,,
7/1/2014,345.5,345.5,4.44,330.8,330.8,350,330.7,9089144,31403,251379,73916,73,,,,
6/1/2014,330.8,330.8,-3.5,340,342.8,345,329,9089144,30067,237480,70828,48,,,,
5/1/2014,342.8,342.8,-2.67,352.2,352.2,357.3,335,9089144,31158,90216,26037,26,,,,
2/1/2014,352.2,352.2,-6.03,379,374.8,379,340,9089144,32012,153504,43114,50,,,,
1/1/2014,374.8,374.8,-1.34,383,379.9,383,367.1,9089144,34066,263426,69904,40,,,,
31/12/2013,379.9,379.9,-0.42,381.5,381.5,381.5,379.8,9089144,34530,78951,20782,7,,,,
30/12/2013,381.5,381.5,1.27,390,376.7,390,377,9089144,34675,24939,6537,8,,,,
29/12/2013,376.7,376.7,0.08,380.9,376.4,380.9,371,9089144,34239,44974,11930,12,,,,
26/12/2013,376.4,376.4,-1.49,390,382.1,390,368,9089144,34212,64873,17330,23,,,,
25/12/2013,382.1,382.1,-1.27,387,387,394.9,375,9089144,34730,360120,94835,66,,,,
24/12/2013,387,387,1.79,390,380.2,402.5,375,9089144,35175,331575,85470,87,,,,
23/12/2013,380.2,380.2,-4.06,401,396.3,402,372,9089144,34557,472375,123990,97,,,,
22/12/2013,396.3,396.3,4.45,384,379.4,408.5,384,9089144,36020,389240,98208,113,,,,
19/12/2013,379.4,379.4,1.93,367.1,372.2,383.9,345,9089144,34484,365766,98799,122,,,,
18/12/2013,372.2,372.2,-6.06,395,396.2,406,370,9089144,33830,402164,106192,145,,,,
17/12/2013,396.2,396.2,-6.71,424.7,424.7,433,380,9089144,36011,350389,88003,124,,,,
16/12/2013,424.7,424.7,-2.86,437.2,437.2,450,415,9089144,38602,84040,19788,43,,,,
15/12/2013,437.2,437.2,-4.44,457.5,457.5,449.3,432,7557074,33040,53068,12062,22,,,,
12/12/2013,457.5,457.5,1.02,444,452.9,472,439,7557074,34574,291958,64679,87,,,,
11/12/2013,452.9,452.9,-6.02,483,481.9,495.9,450,7557074,34226,207174,44534,51,,,,
10/12/2013,481.9,481.9,0.08,477,481.5,499,477,7557074,36418,44894,9353,10,,,,
9/12/2013,481.5,481.5,-4.22,502.7,502.7,500,470,7557074,36387,90802,18716,25,,,,
8/12/2013,502.7,502.7,2.82,494.9,488.9,503,480,7557074,37989,82629,16556,29,,,,
5/12/2013,488.9,488.9,4.04,469.9,469.9,520,452,7557074,36947,193158,39419,75,,,,
4/12/2013,469.9,469.9,-2.69,499,482.9,502,465,7557074,35511,101160,21107,37,,,,
3/12/2013,482.9,482.9,-6.83,518.3,518.3,515,480.5,7557074,36493,133644,27199,31,,,,
2/12/2013,518.3,518.3,4.24,508,497.2,524,505,7557074,39168,50819,9831,19,,,,
1/12/2013,497.2,497.2,-5.22,524.6,524.6,510,485.1,7557074,37574,162476,32822,53,,,,
28/11/2013,524.6,524.6,3,528.9,509.3,529.2,515,7557074,39644,96336,18313,19,,,,
27/11/2013,509.3,509.3,6.5,478,478.2,517,478,7557074,38488,195090,38754,67,,,,
26/11/2013,478.2,478.2,-10.37,513,533.5,513,475,7557074,36138,368439,75277,120,,,,
25/11/2013,533.5,533.5,-5.99,565,567.5,574.8,530.5,7557074,40317,211516,39307,54,,,,
24/11/2013,567.5,567.5,-4.93,580,596.9,607,561,7557074,42886,273720,47822,80,,,,
21/11/2013,596.9,596.9,-0.43,599.5,599.5,630,590,7557074,45108,219259,36320,71,,,,
20/11/2013,599.5,599.5,-1.85,610.8,610.8,613.9,555.1,7557074,45305,682308,117114,198,,,,
19/11/2013,610.8,610.8,-3.58,648,633.5,650,601,7557074,46159,229045,36861,67,,,,
18/11/2013,633.5,633.5,-2.34,670,648.7,684,600,7557074,47874,1069986,165166,245,,,,
17/11/2013,648.7,648.7,12.04,601,579,666,600,7557074,49023,1745122,275177,335,,,,
14/11/2013,579,579,12.23,542,515.9,587,531,7557074,43755,824101,149216,193,,,,
13/11/2013,515.9,515.9,3.72,510,497.4,520,509,7557074,38987,310221,60322,81,,,,
12/11/2013,497.4,497.4,5.78,470.2,470.2,510,479,7557074,37589,331482,65994,87,,,,
11/11/2013,470.2,470.2,4.84,470,448.5,480,463,7557074,35533,222296,46963,51,,,,
10/11/2013,448.5,448.5,-6.48,495,479.6,497.9,445,7557074,33893,721541,155386,130,,,,
7/11/2013,479.6,479.6,-1.22,499,485.5,524.9,470,7557074,36244,798339,160776,205,,,,
6/11/2013,485.5,485.5,17.38,413.6,413.6,555,413.6,7557074,36690,2467934,517107,446,,,,
5/11/2013,413.6,413.6,0.66,410.9,410.9,416.9,400,7557074,31256,1059161,259574,59,,,,
4/11/2013,410.9,410.9,4.05,394.9,394.9,419,390,7557074,31052,279897,69489,35,,,,
3/11/2013,394.9,394.9,-2.45,404.8,404.8,406,394,7557074,29843,503257,126600,14,,,,
31/10/2013,404.8,404.8,-1.15,409.5,409.5,405.3,395.4,7557074,30591,216415,53886,19,,,,
30/10/2013,409.5,409.5,1.82,402.2,402.2,410,407,7557074,30946,20473,5000,5,,,,
29/10/2013,402.2,402.2,-1.93,410.1,410.1,410,402,7557074,30395,52101,12954,6,,,,
28/10/2013,410.1,410.1,0.76,409,407,413,402.2,7557074,30992,199325,48890,24,,,,
27/10/2013,407,407,2.83,395.8,395.8,415,395.8,7496468,30511,1136568,279945,78,,,,
24/10/2013,395.8,395.8,-1.49,401.8,401.8,408,389.8,7496468,29671,36733,9270,12,,,,
23/10/2013,401.8,401.8,0,401.8,401.8,0,0,7496468,30121,0,0,0,,,,
22/10/2013,401.8,401.8,-2.45,411.9,411.9,408,399.6,7496468,30121,27231,6777,12,,,,
21/10/2013,411.9,411.9,-2.23,415,421.3,419,408.7,7496468,30878,21429,5202,6,,,,
20/10/2013,421.3,421.3,-1.2,426.4,426.4,432,415,7496468,31583,41722,9853,6,,,,
17/10/2013,426.4,426.4,1.57,426,419.8,426.5,426,7496468,31965,14925,3500,3,,,,
16/10/2013,419.8,419.8,4.95,400,400,428,407.3,7496468,31470,19434,4630,8,,,,
15/10/2013,400,400,-2.18,408.9,408.9,400,400,7496468,29986,6988,1747,1,,,,
14/10/2013,408.9,408.9,-6.24,436.1,436.1,430.7,400,7496468,30653,13832,3383,7,,,,
13/10/2013,436.1,436.1,0.58,433.6,433.6,441.5,434,7496468,32692,3053,700,2,,,,
10/10/2013,433.6,433.6,-0.12,434.1,434.1,454,430,7496468,32505,145810,32747,19,,,,
9/10/2013,434.1,434.1,5.7,410.7,410.7,448.4,402,7496468,32542,202495,47875,51,,,,
8/10/2013,410.7,410.7,8.02,387.2,380.2,426,387.2,7496468,30788,85420,21056,32,,,,
7/10/2013,380.2,380.2,-1.17,384.7,384.7,381,380,7496468,28502,30418,8000,2,,,,
6/10/2013,384.7,384.7,-2.63,395.1,395.1,387.2,383.9,7496468,28839,32708,8500,7,,,,
3/10/2013,395.1,395.1,0,395.1,395.1,0,0,7496468,29619,0,0,0,,,,
2/10/2013,395.1,395.1,-1.72,402,402,402,395,7496468,29619,15804,4000,4,,,,
1/10/2013,402,402,0.47,400.1,400.1,405,395,7496468,30136,52689,13127,7,,,,
30/09/2013,400.1,400.1,0.28,399,399,402,400,7496468,29993,4201,1050,2,,,,
29/09/2013,399,399,-3.11,411.8,411.8,400.1,399,7496468,29911,1265762,317230,7,,,,
24/09/2013,411.8,411.8,1.6,394,405.3,424,394,7496468,30870,53013,12908,11,,,,
23/09/2013,405.3,405.3,0,405.3,405.3,0,0,7496468,30383,0,0,0,,,,
22/09/2013,405.3,405.3,1.83,398,398,406,404,7496468,30383,13661,3371,4,,,,
17/09/2013,398,398,-2.93,410,410,398.1,397.8,7160103,28497,8537,2145,4,,,,
16/09/2013,410,410,0,410,410,0,0,7160103,29356,0,0,0,,,,
15/09/2013,410,410,2.45,400.2,400.2,410,410,7160103,29356,2460,600,1,,,,
12/9/2013,400.2,400.2,5.21,380.4,380.4,409,379.9,7160103,28655,226540,57450,14,,,,
11/9/2013,380.4,380.4,-0.16,381,381,381,380,7160103,27237,79875,21000,3,,,,
10/9/2013,381,381,0.32,379.8,379.8,381,380.2,7160103,27280,77437,20340,7,,,,
9/9/2013,379.8,379.8,-0.05,380.2,380,380.2,379.5,7160103,27194,155070,40810,18,,,,
8/9/2013,380,380,-1.02,383.9,383.9,387,380,7160103,27208,177165,46248,20,,,,
3/9/2013,383.9,383.9,1.43,378.5,378.5,384,375,7160103,27488,3915,1020,3,,,,
2/9/2013,378.5,378.5,1.58,372.6,372.6,379,376,7160103,27101,2271,600,2,,,,
1/9/2013,372.6,372.6,2.87,362.2,362.2,378.9,368.9,7160103,26679,7824,2100,4,,,,
29/08/2013,362.2,362.2,-3.8,376.5,376.5,370,355,7160103,25934,86383,23903,17,,,,
28/08/2013,376.5,376.5,2.78,366.3,366.3,378,375,7160103,26958,3765,1000,2,,,,
27/08/2013,366.3,366.3,-2.01,370,373.8,370,363,7160103,26227,82656,22480,20,,,,
26/08/2013,373.8,373.8,-1.11,378,378,378,360,7160103,26764,61025,16395,19,,,,
25/08/2013,378,378,0,378,378,0,0,7160103,27065,0,0,0,,,,
22/08/2013,378,378,0,378,378,0,0,7160103,27065,0,0,0,,,,
21/08/2013,378,378,0,378,378,0,0,7160103,27065,0,0,0,,,,
20/08/2013,378,378,0,378,378,0,0,7160103,27065,0,0,0,,,,
19/08/2013,378,378,0,378,378,0,0,7160103,27065,0,0,0,,,,
18/08/2013,378,378,0,378,378,0,0,7160103,27065,0,0,0,,,,
15/08/2013,378,378,0,378,378,0,0,7160103,27065,0,0,0,,,,
14/08/2013,378,378,-0.97,381.7,381.7,378,378,7160103,27065,14999,3968,1,,,,
13/08/2013,381.7,381.7,-1.88,389,389,389,376,7160103,27330,27248,7139,11,,,,
12/8/2013,389,389,0,389,389,0,0,7160103,27853,0,0,0,,,,
11/8/2013,389,389,0,389,389,0,0,7160103,27853,0,0,0,,,,
8/8/2013,389,389,0,389,389,0,0,7160103,27853,0,0,0,,,,
7/8/2013,389,389,0.8,385.9,385.9,389,389,7160103,27853,2723,700,1,,,,
6/8/2013,385.9,385.9,-3.11,398.3,398.3,395,380,7160103,27631,45995,11911,15,,,,
5/8/2013,398.3,398.3,0,398.3,398.3,0,0,7160103,28519,0,0,0,,,,
4/8/2013,398.3,398.3,0,398.3,398.3,0,0,7160103,28519,0,0,0,,,,
1/8/2013,398.3,398.3,-2.95,410.4,410.4,399,398.1,7160103,28519,6982,1753,4,,,,
31/07/2013,410.4,410.4,0,410.4,410.4,0,0,7160103,29385,0,0,0,,,,
30/07/2013,410.4,410.4,-0.77,417,413.6,417,410,7160103,29385,15746,3837,5,,,,
29/07/2013,413.6,413.6,2.89,409.4,402,416,409.4,7160103,29614,16178,3912,10,,,,
28/07/2013,402,402,1.26,400,397,415,400,7160103,28784,27403,6816,12,,,,
25/07/2013,397,397,-2.46,407,407,400,392,7160103,28426,7822,1970,3,,,,
24/07/2013,407,407,1.24,402,402,414,394,7160103,29142,24648,6056,8,,,,
23/07/2013,402,402,-1.13,406.6,406.6,402,402,7160103,28784,20100,5000,1,,,,
22/07/2013,406.6,406.6,2.11,405.5,398.2,409,405.5,7160103,29113,8700,2140,6,,,,
21/07/2013,398.2,398.2,2.31,395.5,389.2,410,395,7160103,28512,25327,6360,10,,,,
18/07/2013,389.2,389.2,0,389.2,389.2,0,0,7160103,27867,0,0,0,,,,
17/07/2013,389.2,389.2,0.65,390,386.7,393,386,7160103,27867,50133,12877,15,,,,
15/07/2013,386.7,386.7,4.37,381.6,370.5,397,379,7160103,27688,60611,15715,22,,,,
14/07/2013,370.5,370.5,2.69,369,360.8,375,369,7160103,26528,16557,4469,7,,,,
11/7/2013,360.8,360.8,2.04,368,353.6,368,354,7160103,25834,138129,38104,28,,,,
10/7/2013,353.6,353.6,6.38,340,332.4,359,339.7,7160103,25318,56469,16190,15,,,,
9/7/2013,332.4,332.4,-0.12,339.5,332.8,345,330,7160103,23800,62279,18698,18,,,,
8/7/2013,332.8,332.8,-2.15,340.1,340.1,340.1,331.2,7160103,23829,19402,5830,5,,,,
7/7/2013,340.1,340.1,-3.24,351.5,351.5,342.1,335,7160103,24352,19864,5841,7,,,,
4/7/2013,351.5,351.5,-3.03,362.5,362.5,363,345,7160103,25168,46143,13061,20,,,,
3/7/2013,362.5,362.5,0.72,369.9,359.9,370,352.5,7160103,25955,49002,13501,15,,,,
2/7/2013,359.9,359.9,7.92,350,333.5,369,348,7160103,25769,193857,53609,60,,,,
1/7/2013,333.5,333.5,8.03,308.7,308.7,348,314.4,7160103,23879,130053,39135,39,,,,
30/06/2013,308.7,308.7,5,294,294,312.9,305,7160103,22103,32377,10490,10,,,,
27/06/2013,294,294,2.23,287.6,287.6,297,287.6,7160103,21051,9270,3153,5,,,,
26/06/2013,287.6,287.6,2.68,283.5,280.1,305,283.5,7160103,20592,37115,12935,14,,,,
25/06/2013,280.1,280.1,1.97,274.7,274.7,283,278,7160103,20055,9522,3400,2,,,,
24/06/2013,274.7,274.7,0.07,274.5,274.5,277.5,274.4,7160103,19669,82722,30123,10,,,,
23/06/2013,274.5,274.5,-3.89,288,285.6,288,272.1,7160103,19654,151224,54370,21,,,,
20/06/2013,285.6,285.6,2.62,278.9,278.3,292,266,7160103,20449,218532,78348,40,,,,
19/06/2013,278.3,278.3,0.29,277.5,277.5,280.6,274,7160103,19927,13917,5001,5,,,,
18/06/2013,277.5,277.5,-3.07,287.9,286.3,287.9,275,7160103,19869,38667,13928,15,,,,
17/06/2013,286.3,286.3,-3.93,298,298,298,280.5,7160103,20499,360509,121876,18,,,,
16/06/2013,298,298,-0.1,298.3,298.3,303,289.1,7160103,21337,160023,53871,22,,,,
13/06/2013,298.3,298.3,8.63,280,274.6,323,280,7160103,21359,42203,14292,21,,,,
12/6/2013,274.6,274.6,-1.22,278,278,288,267,7160103,19662,34508,12565,17,,,,
11/6/2013,278,278,-3.57,288.3,288.3,278,278,7160103,19905,1946,700,1,,,,
10/6/2013,288.3,288.3,0,288.3,288.3,0,0,7160103,20643,0,0,0,,,,
9/6/2013,288.3,288.3,-5.04,303.6,303.6,294,280.6,7160103,20643,4939,1713,6,,,,
6/6/2013,303.6,303.6,5.89,294,286.7,315,294,7160103,21738,40825,13468,21,,,,
5/6/2013,286.7,286.7,17.45,244.1,244.1,299,250.9,7160103,20528,46833,16586,19,,,,
4/6/2013,244.1,244.1,-16.03,290.7,290.7,282.3,208,7160103,17478,116419,47114,49,,,,
3/6/2013,290.7,290.7,0,290.7,290.7,0,0,7160103,20814,0,0,0,,,,
2/6/2013,290.7,290.7,0,290.7,290.7,290.7,283.7,7160103,20814,46921,16141,3,,,,
30/05/2013,290.7,290.7,0,290.7,290.7,0,0,7160103,20814,0,0,0,,,,
29/05/2013,290.7,290.7,-3.42,290.7,301,290.7,290.7,7160103,20814,9634,3314,6,,,,
28/05/2013,301,301,0.03,301,300.9,301,301,7160103,21552,2300,764,2,,,,
27/05/2013,300.9,300.9,-10.98,329,338,329,300,7160103,21545,2016,670,2,,,,
26/05/2013,338,338,0,338,338,0,0,7160103,24201,0,0,0,,,,
23/05/2013,338,338,3.3,327.2,327.2,338,338,7160103,24201,2903,859,2,,,,
22/05/2013,327.2,327.2,8.81,333,300.7,333,333,7160103,23428,1665,500,1,,,,
21/05/2013,300.7,300.7,-1.09,300,304,300,300,7160103,21530,1500,500,1,,,,
20/05/2013,304,304,0,304,304,0,0,7160103,21767,0,0,0,,,,
19/05/2013,304,304,0,304,304,0,0,7160103,21767,0,0,0,,,,
16/05/2013,304,304,0,304,304,0,0,7160103,21767,0,0,0,,,,
13/05/2013,304,304,0,304,304,0,0,7160103,21767,0,0,0,,,,
12/5/2013,304,304,0,304,304,0,0,7160103,21767,0,0,0,,,,
9/5/2013,304,304,0,304,304,0,0,7160103,21767,0,0,0,,,,
8/5/2013,304,304,-7.32,250,328,310,250,7160103,21767,3040,1000,3,,,,
7/5/2013,328,328,0,328,328,0,0,7160103,23485,0,0,0,,,,
6/5/2013,328,328,0,328,328,0,0,7160103,23485,0,0,0,,,,
5/5/2013,328,328,0,370,1,370,300,7160103,23485,8203,2501,8,,,,
2/5/2013,1,1,0,1,1,0,0,7160103,72,0,0,0,,,,
1/5/2013,1,1,0,1,1,0,0,7160103,72,0,0,0,TECH,1,,
30/04/2013,1,1,0,1500000,1336800,1500000,1500000,7160103,72,15000,1,1,,,,
29/04/2013,1336800,1336800,0,1336800,1336800,0,0,14323,191470,0,0,0,,,,
28/04/2013,1336800,1336800,0,1336800,1336800,0,0,14323,191470,0,0,0,,,,
25/04/2013,1336800,1336800,0,1336800,1336800,0,0,14323,191470,0,0,0,,,,
24/04/2013,1336800,1336800,0,1336800,1336800,0,0,14323,191470,0,0,0,,,,
23/04/2013,1336800,1336800,0,1336800,1336800,0,0,14323,191470,0,0,0,,,,
22/04/2013,1336800,1336800,0,1336800,1336800,0,0,14323,191470,0,0,0,,,,
21/04/2013,1336800,1336800,0,1336800,1336800,0,0,14323,191470,0,0,0,,,,
18/04/2013,1336800,1336800,0,1336800,1336800,0,0,14323,191470,0,0,0,,,,
17/04/2013,1336800,1336800,0,1336800,1336800,0,0,14323,191470,0,0,0,,,,
14/04/2013,1336800,1336800,0,1336800,1336800,0,0,14323,191470,0,0,0,,,,
11/4/2013,1336800,1336800,0,1336800,1336800,0,0,14323,191470,0,0,0,,,,
10/4/2013,1336800,1336800,0,1336800,1336800,0,0,14323,191470,0,0,0,,,,
9/4/2013,1336800,1336800,0,1336800,1336800,0,0,14323,191470,0,0,0,,,,
8/4/2013,1336800,1336800,0,1336800,1336800,0,0,14323,191470,0,0,0,,,,
7/4/2013,1336800,1336800,0,1336800,1336800,0,0,14323,191470,0,0,0,,,,
4/4/2013,1336800,1336800,0,1336800,1336800,0,0,14323,191470,0,0,0,,,,
3/4/2013,1336800,1336800,0,1336800,1336800,0,0,14320,191430,0,0,0,,,,
2/4/2013,1336800,1336800,0,1336800,1336800,0,0,14320,191430,0,0,0,ACROC,8000,,
28/03/2013,1336800,167.1,0,167.1,167.1,0,0,114561601,191432,0,0,0,,,,
27/03/2013,1336800,167.1,0,167.1,167.1,0,0,114561601,191432,0,0,0,,,,
24/03/2013,1336800,167.1,0,167.1,167.1,0,0,114561601,191432,0,0,0,,,,
21/03/2013,1336800,167.1,0,167.1,167.1,0,0,114561601,191432,0,0,0,,,,
20/03/2013,1336800,167.1,-0.36,167.7,167.7,160.7,160.7,114561601,191432,159,99,2,,,,
19/03/2013,1341600,167.7,0,167.7,167.7,0,0,114561601,192120,0,0,0,,,,
18/03/2013,1341600,167.7,0,167.7,167.7,0,0,114561601,192120,0,0,0,,,,
17/03/2013,1341600,167.7,0,167.7,167.7,0,0,114561601,192120,0,0,0,,,,
14/03/2013,1341600,167.7,0,168,167.7,168,168,114561601,192120,101,60,1,,,,
13/03/2013,1341600,167.7,0,167.7,167.7,0,0,114561601,192120,0,0,0,,,,
12/3/2013,1341600,167.7,0,167.7,167.7,0,0,114561601,192120,0,0,0,,,,
11/3/2013,1341600,167.7,0,167.7,167.7,0,0,114561601,192120,0,0,0,,,,
10/3/2013,1341600,167.7,0,167.7,167.7,0,0,114561601,192120,0,0,0,,,,
7/3/2013,1341600,167.7,0,167.7,167.7,0,0,114561601,192120,0,0,0,,,,
6/3/2013,1341600,167.7,0,168,167.7,168,168,114561601,192120,67,40,1,,,,
5/3/2013,1341600,167.7,0,167.7,167.7,0,0,114561601,192120,0,0,0,,,,
4/3/2013,1341600,167.7,0,167.7,167.7,0,0,114561601,192120,0,0,0,,,,
3/3/2013,1341600,167.7,0,167.7,167.7,0,0,114561601,192120,0,0,0,,,,
28/02/2013,1341600,167.7,0,167.7,167.7,0,0,114561601,192120,0,0,0,,,,
27/02/2013,1341600,167.7,0.06,167.6,167.6,170,170,114561601,192120,94,55,1,,,,
26/02/2013,1340800,167.6,0,167.6,167.6,0,0,114561601,192005,0,0,0,,,,
25/02/2013,1340800,167.6,0,167.6,167.6,0,0,114561601,192005,0,0,0,,,,
21/02/2013,1340800,167.6,0,167.6,167.6,0,0,114561601,192005,0,0,0,,,,
20/02/2013,1340800,167.6,0,167.6,167.6,0,0,114561601,192005,0,0,0,,,,
19/02/2013,1340800,167.6,0,167.6,167.6,0,0,114561601,192005,0,0,0,,,,
18/02/2013,1340800,167.6,0,167.6,167.6,0,0,114561601,192005,0,0,0,,,,
17/02/2013,1340800,167.6,0,167.6,167.6,0,0,114561601,192005,0,0,0,,,,
14/02/2013,1340800,167.6,0,167.6,167.6,0,0,114561601,192005,0,0,0,,,,
13/02/2013,1340800,167.6,0,167.6,167.6,0,0,114561601,192005,0,0,0,,,,
12/2/2013,1340800,167.6,0,167.6,167.6,0,0,114561601,192005,0,0,0,,,,
11/2/2013,1340800,167.6,0,167.6,167.6,0,0,114561601,192005,0,0,0,,,,
10/2/2013,1340800,167.6,0,167.6,167.6,0,0,114561601,192005,0,0,0,,,,
7/2/2013,1340800,167.6,0,167.6,167.6,0,0,114561601,192005,0,0,0,,,,
6/2/2013,1340800,167.6,1.45,165.2,165.2,169.8,169.8,114561601,192005,983,579,1,,,,
5/2/2013,1321600,165.2,18,187.8,140,187.8,187.8,114561601,189256,1087,579,1,,,,
4/2/2013,1120000,140,14.19,164.9,122.6,164.9,124,114561601,160386,9817,7010,6,,,,
3/2/2013,980800,122.6,-34.99,188.6,188.6,122.6,122.6,114561601,140453,3723,3037,2,,,,
31/01/2013,1508800,188.6,0,188.6,188.6,0,0,114561601,216063,0,0,0,,,,
30/01/2013,1508800,188.6,0,188.6,188.6,0,0,114561601,216063,0,0,0,,,,
29/01/2013,1508800,188.6,0,188.6,188.6,0,0,114561601,216063,0,0,0,,,,
28/01/2013,1508800,188.6,0,188.6,188.6,0,0,114561601,216063,0,0,0,,,,
27/01/2013,1508800,188.6,0,188.6,188.6,0,0,114561601,216063,0,0,0,,,,
24/01/2013,1508800,188.6,0,188.6,188.6,0,0,114561601,216063,0,0,0,,,,
23/01/2013,1508800,188.6,-0.11,188.8,188.8,180.7,180.7,114561601,216063,45,25,1,,,,
21/01/2013,1510400,188.8,0,188.8,188.8,0,0,114561601,216292,0,0,0,,,,
20/01/2013,1510400,188.8,0,188.8,188.8,0,0,114561601,216292,0,0,0,,,,
17/01/2013,1510400,188.8,0,188.8,188.8,0,0,114561601,216292,0,0,0,,,,
16/01/2013,1510400,188.8,0,188.8,188.8,0,0,114561601,216292,0,0,0,,,,
15/01/2013,1510400,188.8,0,188.8,188.8,0,0,114561601,216292,0,0,0,,,,
14/01/2013,1510400,188.8,7.89,188.8,175,188.8,188.8,114561601,216292,16048,8500,5,,,,
13/01/2013,1400000,175,4.17,202.9,168,202.9,202.9,114561601,200483,406,200,1,,,,
10/1/2013,1344000,168,-12.5,168,192,168,168,114561601,192463,3750,2232,2,,,,
9/1/2013,1536000,192,0,192,192,0,0,114561601,219958,0,0,0,,,,
8/1/2013,1536000,192,0,192,192,0,0,114561601,219958,0,0,0,,,,
7/1/2013,1536000,192,0,192,192,0,0,114561601,219958,0,0,0,,,,
6/1/2013,1536000,192,0,192,192,0,0,114561601,219958,0,0,0,,,,
3/1/2013,1536000,192,0,192,192,0,0,114561601,219958,0,0,0,,,,
2/1/2013,1536000,192,0,192,192,0,0,114561601,219958,0,0,0,,,,
1/1/2013,1536000,192,0,192,192,0,0,114561601,219958,0,0,0,,,,
31/12/2012,1536000,192,0,192,192,0,0,114561601,219958,0,0,0,,,,
30/12/2012,1536000,192,0,192,192,0,0,114561601,219958,0,0,0,,,,
27/12/2012,1536000,192,0,192,192,0,0,114561601,219958,0,0,0,,,,
26/12/2012,1536000,192,0,192,192,0,0,114561601,219958,0,0,0,,,,
25/12/2012,1536000,192,0,192,192,0,0,114561601,219958,0,0,0,,,,
24/12/2012,1536000,192,-0.05,183.7,192.1,183.7,183.7,114561601,219958,44,24,1,,,,
23/12/2012,1536800,192.1,0,192.1,192.1,0,0,114561601,220073,0,0,0,,,,
20/12/2012,1536800,192.1,0,192.1,192.1,0,0,114561601,220073,0,0,0,,,,
19/12/2012,1536800,192.1,0,192.1,192.1,0,0,114561601,220073,0,0,0,,,,
18/12/2012,1536800,192.1,0,192.1,192.1,0,0,114561601,220073,0,0,0,,,,
17/12/2012,1536800,192.1,-0.36,192.8,192.8,168,168,114561601,220073,76,45,1,,,,
16/12/2012,1542400,192.8,0,192.8,192.8,0,0,114561601,220875,0,0,0,,,,
13/12/2012,1542400,192.8,-0.36,193.5,193.5,168,168,114561601,220875,67,40,1,,,,
12/12/2012,1548000,193.5,0,193.5,193.5,0,0,114561601,221677,0,0,0,,,,
11/12/2012,1548000,193.5,0,193.5,193.5,0,0,114561601,221677,0,0,0,,,,
10/12/2012,1548000,193.5,-0.21,170,193.9,170,170,114561601,221677,46,27,1,,,,
9/12/2012,1551200,193.9,6.13,182.7,182.7,193.9,193.9,114561601,222135,7756,4000,4,,,,
6/12/2012,1461600,182.7,0,182.7,182.7,0,0,114561601,209304,0,0,0,,,,
5/12/2012,1461600,182.7,0,182.7,182.7,182.7,182.7,114561601,209304,18,10,1,,,,
4/12/2012,1461600,182.7,0,182.7,182.7,0,0,114561601,209304,0,0,0,,,,
3/12/2012,1461600,182.7,15.05,137,158.8,200,137,114561601,209304,4532,2480,10,,,,
2/12/2012,1270400,158.8,22.25,100,129.9,159.9,100,114561601,181924,3236,2038,5,,,,
29/11/2012,1039200,129.9,18.09,129.9,110,129.9,129.9,114561601,148816,12990,10000,1,,,,
28/11/2012,880000,110,-0.09,110,110.1,110,110,114561601,126018,88000,80000,3,,,,
27/11/2012,880800,110.1,-28.32,153.6,153.6,110.1,110.1,114561601,126132,2202,2000,2,,,,
26/11/2012,1228800,153.6,-8.19,109,167.3,109,109,114561601,175967,220,202,1,,,,
25/11/2012,1338400,167.3,0,167.3,167.3,0,0,114561601,191662,0,0,0,,,,
22/11/2012,1338400,167.3,0,167.3,167.3,0,0,114561601,191662,0,0,0,,,,
21/11/2012,1338400,167.3,-16.35,133,200,199.9,133,114561601,191662,6858,4100,5,,,,
20/11/2012,1600000,200,-14.09,232.8,232.8,200,200,114561601,229123,2000,1000,4,,,,
19/11/2012,1862400,232.8,0,232.8,232.8,0,0,114561601,266699,0,0,0,,,,
18/11/2012,1862400,232.8,0,232.8,232.8,0,0,114561601,266699,0,0,0,,,,
15/11/2012,1862400,232.8,0,232.8,232.8,0,0,114561601,266699,0,0,0,,,,
14/11/2012,1862400,232.8,0,232.8,232.8,0,0,114561601,266699,0,0,0,,,,
13/11/2012,1862400,232.8,0,232.8,232.8,0,0,114561601,266699,0,0,0,,,,
12/11/2012,1862400,232.8,0,232.8,232.8,0,0,114561601,266699,0,0,0,,,,
11/11/2012,1862400,232.8,0,232.8,232.8,0,0,114561601,266699,0,0,0,,,,
8/11/2012,1862400,232.8,0,232.8,232.8,0,0,114561601,266699,0,0,0,,,,
7/11/2012,1862400,232.8,0,232.8,232.8,0,0,114561601,266699,0,0,0,,,,
6/11/2012,1862400,232.8,0,232.8,232.8,0,0,114561601,266699,0,0,0,,,,
5/11/2012,1862400,232.8,0,232.8,232.8,0,0,114561601,266699,0,0,0,,,,
4/11/2012,1862400,232.8,0,232.8,232.8,0,0,114561601,266699,0,0,0,,,,
1/11/2012,1862400,232.8,0,232.8,232.8,0,0,114561601,266699,0,0,0,,,,
31/10/2012,1862400,232.8,0,232.8,232.8,0,0,114561601,266699,0,0,0,,,,
30/10/2012,1862400,232.8,0,232.8,232.8,0,0,114561601,266699,0,0,0,,,,
29/10/2012,1862400,232.8,0,232.8,232.8,0,0,114561601,266699,0,0,0,,,,
28/10/2012,1862400,232.8,0,232.8,232.8,0,0,114561601,266699,0,0,0,,,,
25/10/2012,1862400,232.8,0,232.8,232.8,0,0,114561601,266699,0,0,0,,,,
24/10/2012,1862400,232.8,0,232.8,232.8,0,0,114561601,266699,0,0,0,,,,
23/10/2012,1862400,232.8,0,232.8,232.8,0,0,114561601,266699,0,0,0,,,,
22/10/2012,1862400,232.8,0,232.8,232.8,232.8,232.8,114561601,266699,40,17,1,,,,
21/10/2012,1862400,232.8,0,232.8,232.8,232.8,232.8,114561601,266699,98,42,1,,,,
18/10/2012,1862400,232.8,0,232.8,232.8,0,0,114561601,266699,0,0,0,,,,
17/10/2012,1862400,232.8,0,232.8,232.8,0,0,114561601,266699,0,0,0,,,,
16/10/2012,1862400,232.8,0,232.8,232.8,0,0,114561601,266699,0,0,0,,,,
15/10/2012,1862400,232.8,0,232.8,232.8,0,0,114561601,266699,0,0,0,,,,
14/10/2012,1862400,232.8,0,232.8,232.8,0,0,114561601,266699,0,0,0,,,,
11/10/2012,1862400,232.8,0,232.8,232.8,0,0,114561601,266699,0,0,0,,,,
10/10/2012,1862400,232.8,0,232.8,232.8,0,0,114561601,266699,0,0,0,,,,
9/10/2012,1862400,232.8,0,232.8,232.8,0,0,114561601,266699,0,0,0,,,,
4/10/2012,1862400,232.8,0,232.8,232.8,0,0,114561601,266699,0,0,0,,,,
3/10/2012,1862400,232.8,0,232.8,232.8,0,0,114561601,266699,0,0,0,,,,
2/10/2012,1862400,232.8,0,232.8,232.8,0,0,114561601,266699,0,0,0,,,,
27/09/2012,1862400,232.8,0,232.8,232.8,0,0,114561601,266699,0,0,0,,,,
24/09/2012,1862400,232.8,0,232.8,232.8,0,0,114561601,266699,0,0,0,,,,
23/09/2012,1862400,232.8,0.22,232.3,232.3,239.4,239.4,114561601,266699,120,50,4,,,,
20/09/2012,1858400,232.3,0,232.3,232.3,232.3,232.3,114561601,266127,88,38,1,,,,
19/09/2012,1858400,232.3,0.17,231.9,231.9,239.6,239.6,114561601,266127,96,40,1,,,,
13/09/2012,1855200,231.9,6.33,228.9,218.1,237.9,228.9,114561601,265668,2087,900,2,,,,
12/9/2012,1744800,218.1,0,218.1,218.1,0,0,114561601,249859,0,0,0,,,,
11/9/2012,1744800,218.1,-1.31,229,221,229,209,114561601,249859,7197,3300,3,,,,
10/9/2012,1768000,221,-14.67,259,259,168.4,168.4,114561601,253181,544,323,1,,,,
9/9/2012,2072000,259,0,259,259,0,0,114561601,296715,0,0,0,,,,
6/9/2012,2072000,259,0,259,259,0,0,114561601,296715,0,0,0,,,,
5/9/2012,2072000,259,0,259,259,0,0,114561601,296715,0,0,0,,,,
4/9/2012,2072000,259,0,259,259,0,0,114561601,296715,0,0,0,,,,
3/9/2012,2072000,259,0,259,259,0,0,114561601,296715,0,0,0,,,,
2/9/2012,2072000,259,0,259,259,0,0,114561601,296715,0,0,0,,,,
30/08/2012,2072000,259,0,259,259,0,0,114561601,296715,0,0,0,,,,
29/08/2012,2072000,259,0,259,259,0,0,114561601,296715,0,0,0,,,,
28/08/2012,2072000,259,0,259,259,0,0,114561601,296715,0,0,0,,,,
27/08/2012,2072000,259,0,259,259,0,0,114561601,296715,0,0,0,,,,
26/08/2012,2072000,259,0,259,259,0,0,114561601,296715,0,0,0,,,,
23/08/2012,2072000,259,0,259,259,0,0,114561601,296715,0,0,0,,,,
22/08/2012,2072000,259,0,259,259,0,0,114561601,296715,0,0,0,,,,
21/08/2012,2072000,259,0,259,259,0,0,114561601,296715,0,0,0,,,,
20/08/2012,2072000,259,0,259,259,0,0,114561601,296715,0,0,0,,,,
19/08/2012,2072000,259,0,259,259,0,0,114561601,296715,0,0,0,,,,
16/08/2012,2072000,259,0,259,259,0,0,114561601,296715,0,0,0,,,,
15/08/2012,2072000,259,0,259,259,0,0,114561601,296715,0,0,0,,,,
14/08/2012,2072000,259,0,259,259,0,0,114561601,296715,0,0,0,,,,
13/08/2012,2072000,259,0,259,259,0,0,114561601,296715,0,0,0,,,,
12/8/2012,2072000,259,0,259,259,0,0,114561601,296715,0,0,0,,,,
9/8/2012,2072000,259,0,259,259,0,0,114561601,296715,0,0,0,,,,
8/8/2012,2072000,259,0,259,259,0,0,114561601,296715,0,0,0,,,,
7/8/2012,2072000,259,0,259,259,0,0,114561601,296715,0,0,0,,,,
6/8/2012,2072000,259,0,259,259,0,0,114561601,296715,0,0,0,,,,
5/8/2012,2072000,259,0,259,259,0,0,114561601,296715,0,0,0,,,,
2/8/2012,2072000,259,0,259,259,0,0,114561601,296715,0,0,0,,,,
1/8/2012,2072000,259,0,259,259,0,0,114561601,296715,0,0,0,,,,
31/07/2012,2072000,259,0,259,259,0,0,114561601,296715,0,0,0,,,,
30/07/2012,2072000,259,0,259,259,0,0,114561601,296715,0,0,0,,,,
26/07/2012,2072000,259,0,259,259,0,0,114561601,296715,0,0,0,,,,
25/07/2012,2072000,259,0,259,259,0,0,114561601,296715,0,0,0,,,,
24/07/2012,2072000,259,0,259,259,0,0,114561601,296715,0,0,0,,,,
23/07/2012,2072000,259,0,259,259,0,0,114561601,296715,0,0,0,,,,
22/07/2012,2072000,259,0,259,259,0,0,114561601,296715,0,0,0,,,,
19/07/2012,2072000,259,0,259,259,0,0,114561601,296715,0,0,0,,,,
18/07/2012,2072000,259,0,259,259,0,0,114561601,296715,0,0,0,,,,
17/07/2012,2072000,259,0,259,259,0,0,114561601,296715,0,0,0,,,,
16/07/2012,2072000,259,0,259,259,0,0,114561601,296715,0,0,0,,,,
15/07/2012,2072000,259,0,259,259,0,0,114561601,296715,0,0,0,,,,
12/7/2012,2072000,259,0,259,259,0,0,114561601,296715,0,0,0,,,,
11/7/2012,2072000,259,0,259,259,0,0,114561601,296715,0,0,0,,,,
10/7/2012,2072000,259,0,259,259,0,0,114561601,296715,0,0,0,,,,
9/7/2012,2072000,259,0,259,259,0,0,114561601,296715,0,0,0,,,,
8/7/2012,2072000,259,0,259,259,0,0,114561601,296715,0,0,0,,,,
5/7/2012,2072000,259,0,259,259,0,0,114561601,296715,0,0,0,,,,
4/7/2012,2072000,259,0,259,259,0,0,114561601,296715,0,0,0,,,,
3/7/2012,2072000,259,0,259,259,0,0,114561601,296715,0,0,0,,,,
2/7/2012,2072000,259,16.67,259,222,259,259,114561601,296715,6475,2500,2,,,,
1/7/2012,1776000,222,0,222,222,0,0,114561601,254327,0,0,0,,,,
28/06/2012,1776000,222,0,222,222,0,0,114561601,254327,0,0,0,,,,
27/06/2012,1776000,222,0,222,222,0,0,114561601,254327,0,0,0,,,,
26/06/2012,1776000,222,0,222,222,0,0,114561601,254327,0,0,0,,,,
25/06/2012,1776000,222,0,222,222,0,0,114561601,254327,0,0,0,,,,
24/06/2012,1776000,222,0,222,222,0,0,114561601,254327,0,0,0,,,,
21/06/2012,1776000,222,0,222,222,0,0,114561601,254327,0,0,0,,,,
20/06/2012,1776000,222,0,222,222,0,0,114561601,254327,0,0,0,,,,
19/06/2012,1776000,222,0,222,222,0,0,114561601,254327,0,0,0,,,,
18/06/2012,1776000,222,0,222,222,0,0,114561601,254327,0,0,0,,,,
17/06/2012,1776000,222,0,222,222,0,0,114561601,254327,0,0,0,,,,
14/06/2012,1776000,222,0,222,222,0,0,114561601,254327,0,0,0,,,,
13/06/2012,1776000,222,0,222,222,0,0,114561601,254327,0,0,0,,,,
12/6/2012,1776000,222,0,222,222,0,0,114561601,254327,0,0,0,,,,
11/6/2012,1776000,222,0,222,222,0,0,114561601,254327,0,0,0,,,,
10/6/2012,1776000,222,0,222,222,0,0,114561601,254327,0,0,0,,,,
7/6/2012,1776000,222,0,222,222,0,0,114561601,254327,0,0,0,,,,
6/6/2012,1776000,222,0,222,222,0,0,114561601,254327,0,0,0,,,,
5/6/2012,1776000,222,-23.42,289.9,289.9,222,222,114561601,254327,4638,2089,1,,,,
4/6/2012,2319200,289.9,0,289.9,289.9,0,0,114561601,332114,0,0,0,,,,
3/6/2012,2319200,289.9,0,289.9,289.9,0,0,114561601,332114,0,0,0,,,,
31/05/2012,2319200,289.9,0,289.9,289.9,0,0,114561601,332114,0,0,0,,,,
